SKU,Vendor,Description,Title,Price,Type,Image_Src,Quantity
21424,Redken,"Спрей ультра-сильной фиксации с тройным распылителем, 300 мл",Redken Triple Take 32,1192,Cosmetics,https://cdn.shopify.com/s/files/1/1316/6641/files/redken-triple-take-32---sprej-ultra-silnoj-fiksatsii-s-trojnym-raspylitelem-300-mlE1630700.150x150.jpg,10
21425,Redken,"Кондиционер для питания и контроля завитка, 1000 мл",Redken Curvaceous Conditioner,3682,Cosmetics,https://cdn.shopify.com/s/files/1/1316/6641/files/redken-curvaceous-conditioner---konditsioner-dlya-pitaniya-i-kontrolya-zavitka-1000-mlP1129100.150x150.jpg,2
21426,Redken,"Шампунь с высокой степенью пенности, 1000 мл",Redken Curvaceous High Foam Shampoo,2660,Cosmetics,https://cdn.shopify.com/s/files/1/1316/6641/files/redken-curvaceous-high-foam-shampoo---shampun-s-vysokoj-stepenyu-pennosti-1000-mlP1127000.150x150.jpg,17
21427,Redken,"Шампунь с низкой степенью пенности, 500 мл",Redken Curvaceous No Foam,1863,Cosmetics,https://cdn.shopify.com/s/files/1/1316/6641/files/redken-curvaceous-no-foam---shampun-s-nizkoj-stepenyu-pennosti-500-mlP1127400.150x150.jpg,13
21428,Redken,"Крем-гель для формирования завитка, 150 мл",Redken Curvaceous Full Swirl,1640,Cosmetics,https://cdn.shopify.com/s/files/1/1316/6641/files/redken-curvaceous-full-swirl---krem-gel-dlya-formirovaniya-zavitka-150-mlP1130900.150x150.jpg,8
21429,Redken,"Увлажняющий крем для очерченности завитка, 250 мл",Redken Curvaceous Curl Refiner,1640,Cosmetics,https://cdn.shopify.com/s/files/1/1316/6641/files/redken-curvaceous-curl-refiner---uvlazhnyayuschij-krem-dlya-ocherchennosti-zavitka-250-mlP1131200.150x150.jpg,8
21430,Redken,"Гель-спрей для упругости и защиты от влажности, 250 мл",Redken Curvaceous Spray,1640,Cosmetics,https://cdn.shopify.com/s/files/1/1316/6641/files/redken-curvaceous-spray---gel-sprej-dlya-uprugosti-i-zaschity-ot-vlazhnosti-250-mlP1129400.150x150.jpg,14
21431,Redken,"Кондиционер для питания и контроля завитка, 250 мл",Redken Curvaceous Conditioner,1640,Cosmetics,https://cdn.shopify.com/s/files/1/1316/6641/files/redken-curvaceous-conditioner---konditsioner-dlya-pitaniya-i-kontrolya-zavitka-250-mlP1128900.150x150.jpg,12
21432,Redken,"Шампунь с высокой степенью пенности, 300 мл",Redken Curvaceous High Foam Shampoo,1311,Cosmetics,https://cdn.shopify.com/s/files/1/1316/6641/files/redken-curvaceous-high-foam-shampoo---shampun-s-vysokoj-stepenyu-pennosti-300-mlP1126800.150x150.jpg,6
21433,Redken,Пудра для осветления волос до 6 тонов 450 гр,Redken Free Hand Blond Idol,2236,Cosmetics,https://cdn.shopify.com/s/files/1/1316/6641/files/redken-free-hand-blond-idol---pudra-dlya-osvetleniya-volos-do-6-tonov-450-gr2.150x150.jpg,4
21434,Redken,"Крем-краска, перламутровый фиолетовый, 60 мл",Redken Blonde Idol High Lift PV,1130,Cosmetics,https://cdn.shopify.com/s/files/1/1316/6641/files/redken-blonde-idol-high-lift-pv---krem-kraska-perlamutrovyj-fioletovyj-60-mlRedken_Blonde_Idol_High_Lift.150x150.jpg,13
21435,Redken,"Крем-краска, мокка перламутровый, 60 мл",Redken Blonde Idol High Lift MP,1130,Cosmetics,https://cdn.shopify.com/s/files/1/1316/6641/files/redken-blonde-idol-high-lift-mp---krem-kraska-mokka-perlamutrovyj-60-mlRedken_Blonde_Idol_High_Lift.150x150.jpg,19
21436,Redken,"Крем-краска, синий пепельный, 60 мл",Redken Blonde Idol High Lift BA,1130,Cosmetics,https://cdn.shopify.com/s/files/1/1316/6641/files/redken-blonde-idol-high-lift-ba---krem-kraska-sinij-pepelnyj-60-mlRedken_Blonde_Idol_High_Lift.150x150.jpg,16
21437,Redken,"Крем-краска, пепельный перламутр, 60 мл",Redken Blonde Idol High Lift AP,1130,Cosmetics,https://cdn.shopify.com/s/files/1/1316/6641/files/redken-blonde-idol-high-lift-ap---krem-kraska-pepelnyj-perlamutr-60-mlRedken_Blonde_Idol_High_Lift.150x150.jpg,8
21438,Redken,"Кондиционер для объема и текстуры по длине, 1000 мл",Redken Beach Envy Volume Texturizing Conditioner,3682,Cosmetics,https://cdn.shopify.com/s/files/1/1316/6641/files/redken-beach-envy-volume-texturizing-conditioner---konditsioner-dlya-obema-i-tekstury-po-dline-1000-mlP1222100.150x150.jpg,15
21439,Redken,"Шампунь для объема и текстуры по длине, 1000 мл",Redken Volume Texturizing Shampoo,2660,Cosmetics,https://cdn.shopify.com/s/files/1/1316/6641/files/redken-volume-texturizing-shampoo---shampun-dlya-obema-i-tekstury-po-dline-1000-mlP1221700.150x150.jpg,12
21440,Redken,"Кондиционер для объема и текстуры по длине, 250 мл",Redken Beach Envy Volume Texturizing Conditioner,1640,Cosmetics,https://cdn.shopify.com/s/files/1/1316/6641/files/redken-beach-envy-volume-texturizing-conditioner---konditsioner-dlya-obema-i-tekstury-po-dline-250-mlP1222100.150x150.jpg,3
21441,Redken,"Шампунь для объема и текстуры по длине, 300 мл",Redken Volume Texturizing Shampoo,1311,Cosmetics,https://cdn.shopify.com/s/files/1/1316/6641/files/redken-volume-texturizing-shampoo---shampun-dlya-obema-i-tekstury-po-dline-300-mlP1221600.150x150.jpg,14
21442,Redken,"Кондиционер для объема у корней, 1000 мл",Redken High Rise Lifting Conditioner,3682,Cosmetics,https://cdn.shopify.com/s/files/1/1316/6641/files/redken-high-rise-lifting-conditioner---konditsioner-dlya-obema-u-kornej-1000-mlP1223400.150x150.jpg,17
21443,Redken,"Шампунь для объема у корней, 1000 мл",Redken High Rise Volume,2660,Cosmetics,https://cdn.shopify.com/s/files/1/1316/6641/files/redken-high-rise-volume---shampun-dlya-obema-u-kornej-1000-mlP1222900.150x150.jpg,10
21444,Redken,"Кондиционер для объема у корней, 250 мл",Redken High Rise Lifting Conditioner,1640,Cosmetics,https://cdn.shopify.com/s/files/1/1316/6641/files/redken-high-rise-lifting-conditioner---konditsioner-dlya-obema-u-kornej-250-mlP1223400.150x150.jpg,16
21445,Redken,"Шампунь для объема у корней, 300 мл",Redken High Rise Volume,1311,Cosmetics,https://cdn.shopify.com/s/files/1/1316/6641/files/redken-high-rise-volume---shampun-dlya-obema-u-kornej-300-mlP1222900.150x150.jpg,1
21446,Redken,"Шампунь очищающий, 1000 мл",Redken Hair Cleansing Cream Shampoo,2660,Cosmetics,https://cdn.shopify.com/s/files/1/1316/6641/files/redken-hair-cleansing-cream-shampoo---shampun-ochischayuschij-1000-mlRedken_Hair_Cleansing_Cream_Shampoo.150x150.jpg,8
21447,Redken,"Набор масляная система осветления 4*12.5 г, 60 мл",Redken Blonde Idol Blue Oil Lightening Systems,2460,Cosmetics,https://cdn.shopify.com/s/files/1/1316/6641/files/redken-blonde-idol-blue-oil-lightening-systems---nabor-maslyanaya-sistema-osvetleniya-4125-g-60-mlP1125700.150x150.jpg,2
21448,Redken,"Брейкер, Гелевый краситель, Нейтральный, 150 мл",Redken Blonde Idol Base Breaker Cool,969,Cosmetics,https://cdn.shopify.com/s/files/1/1316/6641/files/redken-blonde-idol-base-breaker-cool---brejker-gelevyj-krasitel-nejtralnyj-150-mlRedken_Blonde_Idol_Base_Breaker_Clear.150x150.jpg,16
21449,Redken,"Брейкер, Гелевый краситель, Холодный, 150 мл",Redken Blonde Idol Base Breaker Cool,969,Cosmetics,https://cdn.shopify.com/s/files/1/1316/6641/files/redken-blonde-idol-base-breaker-cool---brejker-gelevyj-krasitel-holodnyj-150-mlP1046300.150x150.jpg,10
21450,Redken,"Крем-краска, фиолетовый, 60 мл",Redken Blonde Idol High Lift V conditioning cream haircolor Violet,1130,Cosmetics,https://cdn.shopify.com/s/files/1/1316/6641/files/redken-blonde-idol-high-lift-v-conditioning-cream-haircolor-violet---krem-kraska-fioletovyj-60-mlP1045000.150x150.jpg,6
21451,Redken,"Крем-краска, титаниум, 60 мл",Redken Blonde Idol High Lift T conditioning cream haircolor Titanium,1130,Cosmetics,https://cdn.shopify.com/s/files/1/1316/6641/files/redken-blonde-idol-high-lift-t-conditioning-cream-haircolor-titanium---krem-kraska-titanium-60-mlP1045700.150x150.jpg,8
21452,Redken,"Крем-краска, перламутр, 60 мл",Redken Blonde Idol High Lift P conditioning cream haircolor Pearl,1130,Cosmetics,https://cdn.shopify.com/s/files/1/1316/6641/files/redken-blonde-idol-high-lift-p-conditioning-cream-haircolor-pearl---krem-kraska-perlamutr-60-mlP1044600.150x150.jpg,5
21453,Redken,"Крем-краска, пепельно-синий, 60 мл",Redken Blonde Idol High Lift BL conditioning cream haircolor Ash Blue,1130,Cosmetics,https://cdn.shopify.com/s/files/1/1316/6641/files/redken-blonde-idol-high-lift-bl-conditioning-cream-haircolor-ash-blue---krem-kraska-pepelno-sinij-60-mlP1044200.150x150.jpg,10
21454,Redken,"Крем-краска, натуральный-пепельный, 60 мл",Redken Blonde Idol High Lift NA conditioning cream haircolor Natural Ash,1130,Cosmetics,https://cdn.shopify.com/s/files/1/1316/6641/files/redken-blonde-idol-high-lift-na-conditioning-cream-haircolor-natural-ash---krem-kraska-naturalnyj-pepelnyj-60-mlP1043800.150x150.jpg,20
21455,Redken,"Крем-краска, натуральный, 60 мл",Redken Blonde Idol High Lift N conditioning cream haircolor Natural,1130,Cosmetics,https://cdn.shopify.com/s/files/1/1316/6641/files/redken-blonde-idol-high-lift-n-conditioning-cream-haircolor-natural---krem-kraska-naturalnyj-60-mlP1043200.150x150.jpg,17
21456,Redken,"Крем-краска, глубокий фиолетовый, 60 мл",Redken Blonde Idol High Lift Vv conditioning cream haircolor Violet-violet,1130,Cosmetics,https://cdn.shopify.com/s/files/1/1316/6641/files/redken-blonde-idol-high-lift-vv-conditioning-cream-haircolor-violet-violet---krem-kraska-glubokij-fioletovyj-60-mlP1045400.150x150.jpg,9
21457,Redken,"Крем-краска, бежевый, 60 мл",Redken Blonde Idol High Lift B conditioning cream haircolor Beige,1130,Cosmetics,https://cdn.shopify.com/s/files/1/1316/6641/files/redken-blonde-idol-high-lift-b-conditioning-cream-haircolor-beige---krem-kraska-bezhevyj-60-mlP1043500.150x150.jpg,5
21458,Redken,"Укрепляющий шампунь, 300 мл.",Redken Extreme,1138,Cosmetics,https://cdn.shopify.com/s/files/1/1316/6641/files/redken-extreme---ukreplyayuschij-shampun-300-mlex_shampoo.150x150.jpg,5
21459,Redken,"Восстанавливающий уход для устранения секущихся концов, 150 мл",Redken Extreme Length Primer,1714,Cosmetics,https://cdn.shopify.com/s/files/1/1316/6641/files/redken-extreme-length-primer---vosstanavlivayuschij-uhod-dlya-ustraneniya-sekuschihsya-kontsov-50-ml55a527a3366b3.150x150.jpg,5
21460,Redken,"Лосьон с биотином для ускорения роста волос: корни и длина, 50 мл",Redken Extreme Length Sealer,2236,Cosmetics,https://cdn.shopify.com/s/files/1/1316/6641/files/redken-extreme-length---loson-s-biotinom-dlya-uskoreniya-rosta-volos-korni-i-dlina-150-mlsealer_1.150x150.jpg,15
21461,Redken,"Шампунь для гладкости и дисциплины волос, 300 мл",Redken Frizz Dismiss,1311,Cosmetics,https://cdn.shopify.com/s/files/1/1316/6641/files/redken-frizz-dismiss---shampun-dlya-gladkosti-i-distsipliny-volos-250-mlfrizzdismiss_shampoo_large.150x150.jpg,7
21462,Redken,"Шампунь для гладкости и дисциплины волос, 1000 мл",Redken Frizz Dismiss,2660,Cosmetics,https://cdn.shopify.com/s/files/1/1316/6641/files/redken-frizz-dismiss---shampun-dlya-gladkosti-i-distsipliny-volos-1000-mlredken_frizz_dismiss_shampoo_1000ml-300x300.150x150.jpg,4
21463,Redken,"Кондиционер для гладкости и дисциплины волос, 250 мл",Redken Frizz Dismiss Conditioner,1640,Cosmetics,https://cdn.shopify.com/s/files/1/1316/6641/files/redken-frizz-dismiss-conditioner---konditsioner-dlya-gladkosti-i-distsipliny-volos-250-mlfrizzdismiss_conditioner_large.150x150.jpg,1
21464,Redken,"Кондиционер для гладкости и дисциплины волос, 1000 мл",Redken Frizz Dismiss,3682,Cosmetics,https://cdn.shopify.com/s/files/1/1316/6641/files/redken-frizz-dismiss---konditsioner-dlya-gladkosti-i-distsipliny-volos-1000-mlredken_frizz_dismiss_conditioner_1000ml-300x300.150x150.jpg,20
21465,Redken,"Питающая маска для гладкости с акваторилом и маслом прокакси, 250 мл",Redken Frizz Dismiss Mask,2087,Cosmetics,https://cdn.shopify.com/s/files/1/1316/6641/files/redken-frizz-dismiss-mask---pitayuschaya-maska-dlya-gladkosti-s-akvatorilom-i-maslom-prokaksi-250-mlfrizzdismiss_mask_large.150x150.jpg,1
21466,Redken,"Несмываемый крем-уход для плотных волос, 250 мл",Redken Frizz Dismiss Rebel Tame FPF 40,1640,Cosmetics,https://cdn.shopify.com/s/files/1/1316/6641/files/redken-frizz-dismiss-rebel-tame-fpf-40---nesmyvaemyj-krem-uhod-dlya-plotnyh-volos-250-mlp1048800.150x150.jpg,4
21467,Redken,"Несмываемая сыворотка для нормальных и плотных волос, 125 мл",Redken Frizz Dismiss instant Deflate FPF 30,1640,Cosmetics,https://cdn.shopify.com/s/files/1/1316/6641/files/redken-frizz-dismiss-instant-deflate-fpf-30---nesmyvaemaya-syvorotka-dlya-normalnyh-i-plotnyh-volos-125-mlp1050000.150x150.jpg,13
21468,Redken,"Лосьон для гладкости тонких и нормальных волос, 150 мл",Redken Frizz Dismiss Smooth Force FPF 20,1640,Cosmetics,https://cdn.shopify.com/s/files/1/1316/6641/files/redken-frizz-dismiss-smooth-force-fpf-20---loson-dlya-gladkosti-tonkih-i-normalnyh-volos-150-mlp1049400.150x150.jpg,20
21469,Redken,"Мультифункциональный спрей с 25 полезными свойствами, 150 мл",Redken One United All-In-One Multi-Benefit Treatment,2518,Cosmetics,https://cdn.shopify.com/s/files/1/1316/6641/files/redken-one-united-all-in-one-multi-benefit-treatment---multifunktsionalnyj-sprej-s-25-poleznymi-svojstvami-150-ml2290071.150x150.jpg,9
21470,Redken,"Салфетки против пушистости для всех типов волос, 50 шт",Redken Frizz Dismiss Fly-away Fix FPF 10,2087,Cosmetics,https://cdn.shopify.com/s/files/1/1316/6641/files/redken-frizz-dismiss-fly-away-fix-fpf-10---salfetki-protiv-pushistosti-dlya-vseh-tipov-volos-50-shtp1049200.150x150.jpg,6
21471,Redken,"Шампунь для тонких волос, 290 мл.",Redken Cerafill Defy Shampoo,1311,Cosmetics,https://cdn.shopify.com/s/files/1/1316/6641/files/redken-cerafill-defy-shampoo---shampun-dlya-podderzhaniya-plotnosti-istonchayuschihsya-volos-69400402-mlRedken_Cerafill_Defy_enl.150x150.jpg,1
21472,Redken,"Кондиционер для тонких волос, 245 мл.",Redken Cerafill Defy Conditioner,1640,Cosmetics,https://cdn.shopify.com/s/files/1/1316/6641/files/redken-cerafill-defy-conditioner---konditsioner-dlya-podderzhaniya-plotnosti-istonchayuschihsya-volos-89900424-mlkond-Cerafill-Defy_enl.150x150.jpg,4
21473,Redken,"Шампунь для сильно истонченных волос, 290 мл.",Redken Cerafill Retaliate Shampoo,1311,Cosmetics,https://cdn.shopify.com/s/files/1/1316/6641/files/redken-cerafill-retaliate-shampoo---shampun-dlya-silno-istonchennyh-volos-69400402-mlRedken-Cerafill-Retaliate_enl.150x150.jpg,6
21474,Redken,"Кондиционер для сильно истонченных волос, 245 мл.",Redken Cerafill Retaliate Conditioner,1640,Cosmetics,https://cdn.shopify.com/s/files/1/1316/6641/files/redken-cerafill-retaliate-conditioner---konditsioner-dlya-silno-istonchennyh-volos-89900424-mlKond-Cerafill-Retaliate_enl.150x150.jpg,7
21475,Redken,Ежедневный несмываемый уход 5%,Redken Cerafill Retaliate Stemoxydine 5%,2056,Cosmetics,https://cdn.shopify.com/s/files/1/1316/6641/files/redken-cerafill-retaliate-stemoxydine-5---ezhednevnyj-nesmyvaemyj-uhod-5Stemoxydine.150x150.jpg,11
21476,Redken,"Шампунь для поврежденных волос, 300 мл.",Redken Diamond Oil Shampoo,1311,Cosmetics,https://cdn.shopify.com/s/files/1/1316/6641/files/redken-diamond-oil-shampoo---shampun-dlya-povrezhdennyh-volos-69400402-mlDiamond-Oil-shompu_enl.150x150.jpg,11
21477,Redken,"Шампунь для поврежденных волос, 1000 мл.",Redken Diamond Oil Shampoo,2660,Cosmetics,https://cdn.shopify.com/s/files/1/1316/6641/files/redken-diamond-oil-shampoo---shampun-dlya-povrezhdennyh-volos-169700402-mlRedken-Diamond-Oil1000__enl.150x150.jpg,17
21478,Redken,"Кондиционер для ломких и секущихся волос, 250 мл.",Redken Diamond Oil Conditioner,1640,Cosmetics,https://cdn.shopify.com/s/files/1/1316/6641/files/redken-diamond-oil-conditioner---konditsioner-dlya-lomkih-i-sekuschihsya-volos-89900424-mlDiamond-Oil-kond_enl.150x150.jpg,13
21479,Redken,"Кондиционер для ломких и секущихся волос, 1000 мл.",Redken Diamond Oil Conditioner,3682,Cosmetics,https://cdn.shopify.com/s/files/1/1316/6641/files/redken-diamond-oil-conditioner---konditsioner-dlya-lomkih-i-sekuschihsya-volos-23549968-mlRedken_Diamond_Oil_kond-1000_enl.150x150.jpg,10
21480,Redken,"Термозащитное масло, ускоряющее укладку, 100 мл",Redken Diamond Oil,2236,Cosmetics,https://cdn.shopify.com/s/files/1/1316/6641/files/redken-diamond-oil---termozaschitnoe-maslo-uskoryayuschee-ukladku-100-mlRedken_Diamond_Oil.150x150.jpeg,10
21481,Redken,"Легкий спрей-масло для волос, 150 мл.",Redken Diamond Oil High Shine Airy Mist,1640,Cosmetics,https://cdn.shopify.com/s/files/1/1316/6641/files/redken-diamond-oil-high-shine-airy-mist---legkij-sprej-maslo-dlya-volos-89900424-mlsprey-high-shine-redken-diamond-oil.150x150.jpg,2
21482,Redken,Текстурирующая пудра для объема 7 гр,Redken Powder Grip 03,1109,Cosmetics,https://cdn.shopify.com/s/files/1/1316/6641/files/redken-powder-grip-03Redken_Powder_Grip_03.250x250.150x150.jpg,15
21483,Redken,Текстурирующий спрей-воск для завершения укладки 150 мл,Redken Wax Blast 10,1109,Cosmetics,https://cdn.shopify.com/s/files/1/1316/6641/files/redken-wax-blast-1014_130.250x250.150x150.jpg,7
21484,Redken,Паста для моделирования и текстурирования волос 75 мл,Redken Rough Paste 12,1109,Cosmetics,https://cdn.shopify.com/s/files/1/1316/6641/files/redken-rough-paste-1215_123.250x250.150x150.jpg,2
21485,Redken,Пластичная текстурирующая глина с матовым эффектом 50 мл,Redken Rough Clay 20,1109,Cosmetics,https://cdn.shopify.com/s/files/1/1316/6641/files/redken-rough-clay-20Redken_Rough_Clay_20.250x250.150x150.jpg,13
21486,Redken,Ампулы двойного действия против истончения волос,Redken Cerafill Hair Advance with Aminexil,3085,Cosmetics,https://cdn.shopify.com/s/files/1/1316/6641/files/redken-cerafill-hair-advance-with-aminexil---ampuly-dvojnogo-dejstviya-protiv-istoncheniya-volosMaximize_HairAdvanced_product_Line.150x150.jpg,7
21487,Redken,Несмываемый уход для увеличения диаметра и плотности волос,Redken Cerafill Maximize Dense Fx,2056,Cosmetics,https://cdn.shopify.com/s/files/1/1316/6641/files/redken-cerafill-maximize-dense-fx---nesmyvaemyj-uhod-dlya-uvelicheniya-diametra-i-plotnosti-voloscerafill_maximize_densefx_150x250.150x150.jpg,3
21488,Redken,Ежедневный несмываемый уход,Redken Cerafill Defy Scalp Energizing Treatment,2056,Cosmetics,https://cdn.shopify.com/s/files/1/1316/6641/files/redken-cerafill-defy-scalp-energizing-treatment---ezhednevnyj-nesmyvaemyj-uhod-Energizing-Scalp-Treatment.150x150.jpg,20
21489,Redken,"Бессульфатный шампунь, восстанавливающий баланс pH, специально для волос блонд 300 мл",Redken Blonde Idol,1311,Cosmetics,https://cdn.shopify.com/s/files/1/1316/6641/files/redken-blonde-idol---bessulfatnyj-shampun-vosstanavlivayuschij-balans-ph-spetsialno-dlya-volos-blond-300-ml99.150x150.jpg,6
21490,Redken,"Бессульфатный шампунь, восстанавливающий баланс pH, специально для волос блонд 1000 мл",Redken Blonde Idol,2660,Cosmetics,https://cdn.shopify.com/s/files/1/1316/6641/files/redken-blonde-idol---bessulfatnyj-shampun-vosstanavlivayuschij-balans-ph-spetsialno-dlya-volos-blond-1000-ml12.150x150.jpg,12
21491,Redken,Маска для питания и смягчения волос оттенка блонд 250 мл,Redken Blonde Idol,2087,Cosmetics,https://cdn.shopify.com/s/files/1/1316/6641/files/redken-blonde-idol---maska-dlya-pitaniya-i-smyagcheniya-volos-ottenka-blond-250-ml11.150x150.jpg,10
21492,Redken,"Легкий многофункциональный спрей-уход для волос блонд, 150 мл.",Redken Blonde Idol Bbb,1640,Cosmetics,https://cdn.shopify.com/s/files/1/1316/6641/files/redken-blonde-idol-bbb---legkij-mnogofunktsionalnyj-sprej-uhod-dlya-volos-blond-89900424-mlRedken_Blonde_Idol_BBB_enl.150x150.jpg,9
21493,Redken,Двухфазный нейтрализующий кондиционер-уход для поддержания холодных оттенков блонд Фиолет 250 мл,Redken Blonde Idol,1967,Cosmetics,https://cdn.shopify.com/s/files/1/1316/6641/files/redken-blonde-idol---dvuhfaznyj-nejtralizuyuschij-konditsioner-uhod-dlya-podderzhaniya-holodnyh-ottenkov-blond-fiolet-250-ml100.150x150.jpg,18
21494,Redken,Двухфазный нейтрализующий кондиционер-уход для поддержания теплых оттенков блонд Голд 250 мл,Redken Blonde Idol,1967,Cosmetics,https://cdn.shopify.com/s/files/1/1316/6641/files/redken-blonde-idol---dvuhfaznyj-nejtralizuyuschij-konditsioner-uhod-dlya-podderzhaniya-teplyh-ottenkov-blond-gold-250-ml10.150x150.jpg,16
21495,Redken,Осветляющая пудра флэш лифт 500 г,Redken,2236,Cosmetics,https://cdn.shopify.com/s/files/1/1316/6641/files/redken---osvetlyayuschaya-pudra-flesh-lift-500-g-E1072000.150x150.jpg,15
21496,Redken,Паста блонд глем пюр лайт с аммиак 500 мл,Redken,2982,Cosmetics,https://cdn.shopify.com/s/files/1/1316/6641/files/redken---pasta-blond-glem-pyur-lajt-s-ammiak-500-ml-E0814900.150x150.jpg,12
21497,Redken,Блонд глем проявитель 20 вол 6% 1000 мл,Redken,1491,Cosmetics,https://cdn.shopify.com/s/files/1/1316/6641/files/redken---blond-glem-proyavitel-20-vol-6-1000-ml-Redken____20_.150x150.jpg,15
21498,Redken,Блонд глем проявитель 30 вол 9% 1000 мл,Redken,1491,Cosmetics,https://cdn.shopify.com/s/files/1/1316/6641/files/redken---blond-glem-proyavitel-30-vol-9-1000-ml-Redken____30_.150x150.jpg,3
21499,Redken,Блонд глем проявитель 40 вол 12% 1000 мл,Redken,1491,Cosmetics,https://cdn.shopify.com/s/files/1/1316/6641/files/redken---blond-glem-proyavitel-40-vol-12-1000-ml-E0796600.150x150.jpg,1
21500,Redken,Шэйп Абилити 22 скульптурирующая крем-паста с эффектом лака 50 мл,Redken Shape Factor,1109,Cosmetics,https://cdn.shopify.com/s/files/1/1316/6641/files/redken-shape-factor---shejp-abiliti-22-skulpturiruyuschaya-krem-pasta-s-effektom-laka-50-mlcf8c04107258666c7ce3aeabc6610d2b.150x150.jpg,13
21501,Redken,Шайн Флеш 02 Спрей,Redken Shine Flash,960,Cosmetics,https://cdn.shopify.com/s/files/1/1316/6641/files/redken-shine-flash---shajn-flesh-02-sprej---blesk-dlya-volos-150-mlsprey-blesk-dlya-volos-shine-flash-redken.150x150.jpg,11
21502,Redken,Выпрямляющее молочко с эффектом анти-фриз 100 мл,Redken Outshine 01,1109,Cosmetics,https://cdn.shopify.com/s/files/1/1316/6641/files/redken-outshine-0119_109.250x250.150x150.jpg,14
21503,Redken,Крем-мусс для объема 125 мл,Redken Aerate 08,1109,Cosmetics,https://cdn.shopify.com/s/files/1/1316/6641/files/redken-aerate-08Redken_Aerate_08.250x250.150x150.jpg,20
21504,Redken,Увлажняющий мусс-объем для волос 250 мл,Redken Full Effect 04,1109,Cosmetics,https://cdn.shopify.com/s/files/1/1316/6641/files/redken-full-effect-0417_119.250x250.150x150.jpg,13
21505,Redken,Спрей для прикорневого объема 250 мл,Redken Rootful 06,782,Cosmetics,https://cdn.shopify.com/s/files/1/1316/6641/files/redken-rootful-06Redken_Rootful_06.250x250.150x150.jpg,17
21506,Redken,Спрей-мусс для объема 300 мл,Redken Guts 10,1109,Cosmetics,https://cdn.shopify.com/s/files/1/1316/6641/files/redken-guts-107_177.250x250.150x150.jpg,20
21507,Redken,Термозащитный спрей для создания текстуры при укладке феном 124 гр,Redken Fabricate 03,1109,Cosmetics,https://cdn.shopify.com/s/files/1/1316/6641/files/redken-fabricate-039_154.250x250.150x150.jpg,5
21508,Redken,"Термозащитный крем, 150 мл",Redken Pillow Proof Blow Dry,2236,Cosmetics,https://cdn.shopify.com/s/files/1/1316/6641/files/redken-pillow-proof-blow-dry---termozaschitnyj-krem-150-mlredken-pillow-proof-cream-LK2016.150x150.jpg,18
21509,Redken,Сухой шампунь для волос 153 мл,Redken Pillow Proof Blow Dry Two Day Extender,1102,Cosmetics,https://cdn.shopify.com/s/files/1/1316/6641/files/redken-pillow-proof-blow-dry-two-day-extender---suhoj-shampun-dlya-volos-153-mlp0902200.150x150.jpg,18
21510,Redken,Спрей для дизайна причесок 250 мл,Redken Quick Tease 15,1192,Cosmetics,https://cdn.shopify.com/s/files/1/1316/6641/files/redken-quick-tease-156_174.250x250.150x150.jpg,19
21511,Redken,Невесомый спрей для фиксации в движении и парфюм для волос 250 мл,Redken Signature Look Wind Blown 05,976,Cosmetics,https://cdn.shopify.com/s/files/1/1316/6641/files/redken-signature-look-wind-blown-05---nevesomyj-sprej-dlya-fiksatsii-v-dvizhenii-i-parfyum-dlya-volos-250-ml5_156.250x250.150x150.jpg,5
21512,Redken,Cпрей с эффектом текстурированных волн 250 мл,Redken Signature Look Fashion Waves 07,976,Cosmetics,https://cdn.shopify.com/s/files/1/1316/6641/files/redken-signature-look-fashion-waves-07---cprej-s-effektom-teksturirovannyh-voln-150-ml4_275.250x250.150x150.jpg,11
21513,Redken,Спрей супер-сильной фиксации для завершения укладки волос 400 мл,Redken Forceful 23,1192,Cosmetics,https://cdn.shopify.com/s/files/1/1316/6641/files/redken-forceful-2323_94.250x250.150x150.jpg,19
21514,Redken,Революционный спрей ультра-сильной фиксации 400 мл,Redken Control Addict 28,894,Cosmetics,https://cdn.shopify.com/s/files/1/1316/6641/files/redken-control-addict-2811_142.250x250.150x150.jpg,13
21515,Redken,Спрей мгновенной фиксации для завершения укладки волос 400 мл,Redken Quick Dry 18,1192,Cosmetics,https://cdn.shopify.com/s/files/1/1316/6641/files/redken-quick-dry-1813_135.250x250.150x150.jpg,17
21516,Redken,"Краска для волос, тон 1,0 1NN, натуральный, 60 мл",Redken Chromatics Ultra Rich Natural Natural,1118,Cosmetics,https://cdn.shopify.com/s/files/1/1316/6641/files/redken-chromatics-ultra-rich-natural-natural---kraska-dlya-volos-ton-10-1nn-naturalnyj-60-mlRedken_Chromatics_Ultra_Rich.150x150.jpg,12
21517,Redken,"Краска для волос, тон 4NN, натуральный, 60 мл",Redken Chromatics Ultra Rich Natural Natural,1118,Cosmetics,https://cdn.shopify.com/s/files/1/1316/6641/files/redken-chromatics-ultra-rich-natural-natural---kraska-dlya-volos-ton-4nn-naturalnyj-60-mlChromatics_Ultra_Rich.150x150.jpg,1
21518,Redken,"Краска для волос, тон 3,0 3NN, 60 мл",Redken Chromatics Ultra Rich Natural Natural,1118,Cosmetics,https://cdn.shopify.com/s/files/1/1316/6641/files/redken-chromatics-ultra-rich-natural-natural---kraska-dlya-volos-ton-30-3nn-60-mlRedken_Chromatics_Ultra_Rich.150x150.jpg,4
21519,Redken,"Краска для волос, тон 4NA, натуральный пепельный, 60 мл",Redken Chromatics Ultra Rich Natural Ash,1118,Cosmetics,https://cdn.shopify.com/s/files/1/1316/6641/files/redken-chromatics-ultra-rich-natural-ash---kraska-dlya-volos-ton-4na-naturalnyj-pepelnyj-60-mlRedken_Chromatics_Ultra_Rich.150x150.jpg,1
21520,Redken,"Краска для волос, тон 5NN, натуральный, 60 мл",Redken Chromatics Ultra Rich Natural Natural,1118,Cosmetics,https://cdn.shopify.com/s/files/1/1316/6641/files/redken-chromatics-ultra-rich-natural-natural---kraska-dlya-volos-ton-5nn-naturalnyj-60-mlRedken_Chromatics_Ultra_Rich.150x150.jpg,5
21521,Redken,"Краска для волос, тон 5NA, натуральный пепельный, 60 мл",Redken Chromatics Ultra Rich Natural Ash,1118,Cosmetics,https://cdn.shopify.com/s/files/1/1316/6641/files/redken-chromatics-ultra-rich-natural-ash---kraska-dlya-volos-ton-5na-naturalnyj-pepelnyj-60-mlRedken_Chromatics_Ultra_Rich.150x150.jpg,4
21522,Redken,"Краска для волос, тон 5GI, золотистый, 60 мл",Redken Chromatics Ultra Rich Gold Irid,1118,Cosmetics,https://cdn.shopify.com/s/files/1/1316/6641/files/redken-chromatics-ultra-rich-gold-irid---kraska-dlya-volos-ton-5gi-zolotistyj-60-mlRedken_Chromatics_Ultra_Rich.150x150.jpg,13
21523,Redken,"Краска для волос, тон 6NN, натуральный 60 мл",Redken Chromatics Ultra Rich Natural Natural,1118,Cosmetics,https://cdn.shopify.com/s/files/1/1316/6641/files/redken-chromatics-ultra-rich-natural-natural---kraska-dlya-volos-ton-6nn-naturalnyj-60-mlRedken_Chromatics_Ultra_Rich.150x150.jpg,2
21524,Redken,"Краска для волос, тон 6NA, натуральный пепельный, 60 мл",Redken Chromatics Ultra Rich Natural Ash,1118,Cosmetics,https://cdn.shopify.com/s/files/1/1316/6641/files/redken-chromatics-ultra-rich-natural-ash---kraska-dlya-volos-ton-6na-naturalnyj-pepelnyj-60-mlRedken_Chromatics_Ultra_Rich.150x150.jpg,11
21525,Redken,"Краска для волос, тон 6AB, пепельно-голубой, 60 мл",Redken Chromatics Ultra Rich Ash Blue,1118,Cosmetics,https://cdn.shopify.com/s/files/1/1316/6641/files/redken-chromatics-ultra-rich-ash-blue---kraska-dlya-volos-ton-6ab-pepelno-goluboj-60-mlRedken_Chromatics_Ultra_Rich.150x150.jpg,12
21526,Redken,"Краска для волос, тон 7NN, натуральный, 60 мл",Redken Chromatics Ultra Rich Natural Natural,1118,Cosmetics,https://cdn.shopify.com/s/files/1/1316/6641/files/redken-chromatics-ultra-rich-natural-natural---kraska-dlya-volos-ton-7nn-naturalnyj-60-mlRedken_Chromatics_Ultra_Rich.150x150.jpg,7
21527,Redken,"Краска для волос, тон 7GI, золотисто-бежевый, 60 мл",Redken Chromatics Ultra Rich Gold Irid,1118,Cosmetics,https://cdn.shopify.com/s/files/1/1316/6641/files/redken-chromatics-ultra-rich-gold-irid---kraska-dlya-volos-ton-7gi-zolotisto-bezhevyj-60-mlRedken_Chromatics_Ultra_Rich.150x150.jpg,18
21528,Redken,"Краска для волос, тон 8NN, натуральный, 60 мл",Redken Chromatics Ultra Rich Natural Natural,1118,Cosmetics,https://cdn.shopify.com/s/files/1/1316/6641/files/redken-chromatics-ultra-rich-natural-natural---kraska-dlya-volos-ton-8nn-naturalnyj-60-mlRedken_Chromatics_Ultra_Rich.150x150.jpg,5
21529,Redken,"Краска для волос, тон 8NA, натуральный пепельный, 60 мл",Redken Chromatics Ultra Rich Natural Ash,1118,Cosmetics,https://cdn.shopify.com/s/files/1/1316/6641/files/redken-chromatics-ultra-rich-natural-ash---kraska-dlya-volos-ton-8na-naturalnyj-pepelnyj-60-mlRedken_Chromatics_Ultra_Rich.150x150.jpg,8
21530,Redken,"Краска для волос, тон 8AB, пепельно-голубой, 60 мл",Redken Chromatics Ultra Rich Ash Blue,1118,Cosmetics,https://cdn.shopify.com/s/files/1/1316/6641/files/redken-chromatics-ultra-rich-ash-blue---kraska-dlya-volos-ton-8ab-pepelno-goluboj-60-mlRedken_Chromatics_Ultra_Rich.150x150.jpg,18
21531,Redken,"Краска для волос, тон 8P, жемчужный, 60 мл",Redken Chromatics Ultra Rich Pearl,1118,Cosmetics,https://cdn.shopify.com/s/files/1/1316/6641/files/redken-chromatics-ultra-rich-pearl---kraska-dlya-volos-ton-8p-zhemchuzhnyj-60-mlRedken_Chromatics_Ultra_Rich.150x150.jpg,10
21532,Redken,"Краска для волос, тон 9NN, натуральный, 60 мл",Redken Chromatics Ultra Rich Natural Natural,1118,Cosmetics,https://cdn.shopify.com/s/files/1/1316/6641/files/redken-chromatics-ultra-rich-natural-natural---kraska-dlya-volos-ton-9nn-naturalnyj-60-mlRedken_Chromatics_Ultra_Rich.150x150.jpg,1
21533,Redken,"Краска для волос, тон 9AV, пепельно-фиолетовый, 60 мл",Redken Chromatics Ultra Rich Ash Violet,1118,Cosmetics,https://cdn.shopify.com/s/files/1/1316/6641/files/redken-chromatics-ultra-rich-ash-violet---kraska-dlya-volos-ton-9av-pepelno-fioletovyj-60-mlRedken_Chromatics_Ultra_Rich.150x150.jpg,7
21534,Redken,"Краска для волос, тон 9GI, золотисто-бежевый, 60 мл",Redken Chromatics Ultra Rich Gold Irid,1118,Cosmetics,https://cdn.shopify.com/s/files/1/1316/6641/files/redken-chromatics-ultra-rich-gold-irid---kraska-dlya-volos-ton-9gi-zolotisto-bezhevyj-60-mlRedken_Chromatics_Ultra_Rich.150x150.jpg,11
21535,Redken,"Краска для волос, тон 10,0 10NN, натуральный, 60 мл",Redken Chromatics Ultra Rich Natural Natural,1118,Cosmetics,https://cdn.shopify.com/s/files/1/1316/6641/files/redken-chromatics-ultra-rich-natural-natural---kraska-dlya-volos-ton-100-10nn-naturalnyj-60-mlRedken_Chromatics_Ultra_Rich.150x150.jpg,8
21536,Redken,"Краска для волос, тон 10NA, натуральный пепельный, 60 мл",Redken Chromatics Ultra Rich Natural Ash,1118,Cosmetics,https://cdn.shopify.com/s/files/1/1316/6641/files/redken-chromatics-ultra-rich-natural-ash---kraska-dlya-volos-ton-10na-naturalnyj-pepelnyj-60-mlRedken_Chromatics_Ultra_Rich.150x150.jpg,6
21537,Redken,"Краска для волос, тон 10G, золотистый, 60 мл",Redken Chromatics Ultra Rich Gold,1118,Cosmetics,https://cdn.shopify.com/s/files/1/1316/6641/files/redken-chromatics-ultra-rich-gold---kraska-dlya-volos-ton-10g-zolotistyj-60-mlRedken_Chromatics_Ultra_Rich.150x150.jpg,5
21538,Redken,"Краска для волос, тон 10AV, пепельно-фиолетовый, 60 мл",Redken Chromatics Ultra Rich Viole,1118,Cosmetics,https://cdn.shopify.com/s/files/1/1316/6641/files/redken-chromatics-ultra-rich-viole---kraska-dlya-volos-ton-10av-pepelno-fioletovyj-60-mlRedken_Chromatics_Ultra_Rich.150x150.jpg,13
21539,Redken,"Краска для волос, тон 10,9 10P, жемчужный, 60 мл",Redken Chromatics Ultra Rich Pearl,1118,Cosmetics,https://cdn.shopify.com/s/files/1/1316/6641/files/redken-chromatics-ultra-rich-pearl---kraska-dlya-volos-ton-109-10p-zhemchuzhnyj-60-mlRedken_Chromatics_Ultra_Rich.150x150.jpg,19
21540,Redken,Хроматикс Проявитель 10 вол 3% 1000 мл,Redken Chromatics,1236,Cosmetics,https://cdn.shopify.com/s/files/1/1316/6641/files/redken-chromatics---hromatiks-proyavitel-10-vol-3-1000-ml-Redken_Chromatics_10vol.150x150.jpg,1
21541,Redken,Хроматикc Проявитель 20 вол 6%  1000 мл,Redken Chromatics,1236,Cosmetics,https://cdn.shopify.com/s/files/1/1316/6641/files/redken-chromatics---hromatikc-proyavitel-20-vol-6-1000-ml-Redken_Chromatics_20vol.150x150.jpg,2
21542,Redken,Хроматикc Проявитель 30 вол 9% 1000 мл,Redken Chromatics,1236,Cosmetics,https://cdn.shopify.com/s/files/1/1316/6641/files/redken-chromatics---hromatikc-proyavitel-30-vol-9-1000-ml-Redken_Chromatics_30vol.150x150.jpg,11
21543,Redken,Шейдс икью Процессинг солюшн 1000 мл,Redken Shades Eq Gloss,1147,Cosmetics,https://cdn.shopify.com/s/files/1/1316/6641/files/redken-shades-eq-gloss---shejds-ikyu-protsessing-solyushn-1000-ml-Redken_Shades_Eq_Gloss__.150x150.jpg,8
21544,Redken,Шейдс икью Кристал клир 500 мл,Redken Shades Eq Gloss,1938,Cosmetics,https://cdn.shopify.com/s/files/1/1316/6641/files/redken-shades-eq-gloss---shejds-ikyu-kristal-klir-500-ml-Redken_Shades_Eq_Gloss__.150x150.jpg,20
21545,Redken,Про-оксид 10 вол 3% 1000 мл,Redken Shades Eq Gloss,1236,Cosmetics,https://cdn.shopify.com/s/files/1/1316/6641/files/redken-shades-eq-gloss---pro-oksid-10-vol-3-1000-ml-Redken_pro-oxide_10_vol.150x150.jpg,1
21546,Redken,Про-оксид 20 вол 6% 1000 мл,Redken Shades Eq Gloss,1236,Cosmetics,https://cdn.shopify.com/s/files/1/1316/6641/files/redken-shades-eq-gloss---pro-oksid-20-vol-6-1000-ml-Redken_pro-oxide_20_vol.150x150.jpg,7
21547,Redken,Про-оксид 30 вол 9%1000 мл,Redken Shades Eq Gloss,1236,Cosmetics,https://cdn.shopify.com/s/files/1/1316/6641/files/redken-shades-eq-gloss---pro-oksid-30-vol-9-1000-ml-Redken_pro-oxide_30_vol.150x150.jpg,19
21548,Redken,Про-оксид 40 вол 12% 1000 мл,Redken Shades Eq Gloss,1236,Cosmetics,https://cdn.shopify.com/s/files/1/1316/6641/files/redken-shades-eq-gloss---pro-oksid-40-vol-12-1000-ml-Redken_pro-oxide_40_vol.150x150.jpg,10
21549,Redken,"Краска-блеск без аммиака для тонирования и ухода 09NW, 60 мл",Redken Shades Eq Gloss,916,Cosmetics,https://cdn.shopify.com/s/files/1/1316/6641/files/redken-shades-eq-gloss---kraska-blesk-bez-ammiaka-dlya-tonirovaniya-i-uhoda-09nw-60-ml1.150x150.jpg,6
21550,Redken,"Краска-блеск без аммиака для тонирования и ухода 09P, 60 мл",Redken Shades Eq Gloss,916,Cosmetics,https://cdn.shopify.com/s/files/1/1316/6641/files/redken-shades-eq-gloss---kraska-blesk-bez-ammiaka-dlya-tonirovaniya-i-uhoda-09p-60-ml1.150x150.jpg,6
21551,Redken,"Краска-блеск без аммиака для тонирования и ухода 07NW, 60 мл",Redken Shades Eq Gloss,916,Cosmetics,https://cdn.shopify.com/s/files/1/1316/6641/files/redken-shades-eq-gloss---kraska-blesk-bez-ammiaka-dlya-tonirovaniya-i-uhoda-07nw-60-ml1.150x150.jpg,9
21552,Redken,"Краска-блеск без аммиака для тонирования и ухода 07N, 60 мл",Redken Shades Eq Gloss,916,Cosmetics,https://cdn.shopify.com/s/files/1/1316/6641/files/redken-shades-eq-gloss---kraska-blesk-bez-ammiaka-dlya-tonirovaniya-i-uhoda-07n-60-ml1.150x150.jpg,19
21553,Redken,"Краска-блеск без аммиака для тонирования и ухода 07Р, 60 мл",Redken Shades Eq Gloss,916,Cosmetics,https://cdn.shopify.com/s/files/1/1316/6641/files/redken-shades-eq-gloss---kraska-blesk-bez-ammiaka-dlya-tonirovaniya-i-uhoda-07r-60-ml1.150x150.jpg,2
21554,Redken,"Краска-блеск без аммиака для тонирования и ухода 07B, 60 мл",Redken Shades Eq Gloss,916,Cosmetics,https://cdn.shopify.com/s/files/1/1316/6641/files/redken-shades-eq-gloss---kraska-blesk-bez-ammiaka-dlya-tonirovaniya-i-uhoda-07b-60-ml1.150x150.jpg,9
21555,Redken,Краска-блеск без аммиака для тонирования и ухода Шейдс икью 02M 60 мл,Redken Shades Eq Gloss,916,Cosmetics,https://cdn.shopify.com/s/files/1/1316/6641/files/redken-shades-eq-gloss---kraska-blesk-bez-ammiaka-dlya-tonirovaniya-i-uhoda-shejds-ikyu-02m-60-ml-P0487600.150x150.jpg,13
21556,Redken,Краска-блеск без аммиака для тонирования и ухода Шейдс икью 03B 60 мл,Redken Shades Eq Gloss,916,Cosmetics,https://cdn.shopify.com/s/files/1/1316/6641/files/redken-shades-eq-gloss---kraska-blesk-bez-ammiaka-dlya-tonirovaniya-i-uhoda-shejds-ikyu-03b-60-ml-P0067601.150x150.jpg,13
21557,Redken,Краска-блеск без аммиака для тонирования и ухода Шейдс икью 03N 60 мл,Redken Shades Eq Gloss,916,Cosmetics,https://cdn.shopify.com/s/files/1/1316/6641/files/redken-shades-eq-gloss---kraska-blesk-bez-ammiaka-dlya-tonirovaniya-i-uhoda-shejds-ikyu-03n-60-ml-P0070901.150x150.jpg,8
21558,Redken,Краска-блеск без аммиака для тонирования и ухода Шейдс икью 04NB 60 мл,Redken Shades Eq Gloss,916,Cosmetics,https://cdn.shopify.com/s/files/1/1316/6641/files/redken-shades-eq-gloss---kraska-blesk-bez-ammiaka-dlya-tonirovaniya-i-uhoda-shejds-ikyu-04nb-60-ml-P0053100.150x150.jpg,12
21559,Redken,Краска-блеск без аммиака для тонирования и ухода Шейдс икью 04WG 60 мл,Redken Shades Eq Gloss,916,Cosmetics,https://cdn.shopify.com/s/files/1/1316/6641/files/redken-shades-eq-gloss---kraska-blesk-bez-ammiaka-dlya-tonirovaniya-i-uhoda-shejds-ikyu-04wg-60-ml-P0053201.150x150.jpg,5
21560,Redken,Краска-блеск без аммиака для тонирования и ухода Шейдс икью 04M 60 мл,Redken Shades Eq Gloss,916,Cosmetics,https://cdn.shopify.com/s/files/1/1316/6641/files/redken-shades-eq-gloss---kraska-blesk-bez-ammiaka-dlya-tonirovaniya-i-uhoda-shejds-ikyu-04m-60-ml-Redken_Shades_Eq_Gloss_4m.150x150.jpg,4
21561,Redken,Краска-блеск без аммиака для тонирования и ухода Шейдс икью 5B 60 мл,Redken Shades Eq Gloss,916,Cosmetics,https://cdn.shopify.com/s/files/1/1316/6641/files/redken-shades-eq-gloss---kraska-blesk-bez-ammiaka-dlya-tonirovaniya-i-uhoda-shejds-ikyu-5b-60-ml-P0068301.150x150.jpg,18
21562,Redken,Краска-блеск без аммиака для тонирования и ухода Шейдс икью 05G 60 мл,Redken Shades Eq Gloss,916,Cosmetics,https://cdn.shopify.com/s/files/1/1316/6641/files/redken-shades-eq-gloss---kraska-blesk-bez-ammiaka-dlya-tonirovaniya-i-uhoda-shejds-ikyu-05g-60-ml-P0068701.150x150.jpg,3
21563,Redken,Краска-блеск без аммиака для тонирования и ухода Шейдс икью 05K 60 мл,Redken Shades Eq Gloss,916,Cosmetics,https://cdn.shopify.com/s/files/1/1316/6641/files/redken-shades-eq-gloss---kraska-blesk-bez-ammiaka-dlya-tonirovaniya-i-uhoda-shejds-ikyu-05k-60-ml-P0068801.150x150.jpg,4
21564,Redken,Краска-блеск без аммиака для тонирования и ухода Шейдс икью 05N 60 мл,Redken Shades Eq Gloss,916,Cosmetics,https://cdn.shopify.com/s/files/1/1316/6641/files/redken-shades-eq-gloss---kraska-blesk-bez-ammiaka-dlya-tonirovaniya-i-uhoda-shejds-ikyu-05n-60-ml-P0052901.150x150.jpg,12
21565,Redken,Краска-блеск без аммиака для тонирования и ухода Шейдс икью 06AA 60 мл,Redken Shades Eq Gloss,916,Cosmetics,https://cdn.shopify.com/s/files/1/1316/6641/files/redken-shades-eq-gloss---kraska-blesk-bez-ammiaka-dlya-tonirovaniya-i-uhoda-shejds-ikyu-06aa-60-ml-P0488500.150x150.jpg,6
21566,Redken,Краска-блеск без аммиака для тонирования и ухода Шейдс икью 06T 60 мл,Redken Shades Eq Gloss,916,Cosmetics,https://cdn.shopify.com/s/files/1/1316/6641/files/redken-shades-eq-gloss---kraska-blesk-bez-ammiaka-dlya-tonirovaniya-i-uhoda-shejds-ikyu-06t-60-ml-Redken_Shades_Eq_Gloss.150x150.jpg,16
21567,Redken,Краска-блеск без аммиака для тонирования и ухода Шейдс икью 06GB 60 мл,Redken Shades Eq Gloss,916,Cosmetics,https://cdn.shopify.com/s/files/1/1316/6641/files/redken-shades-eq-gloss---kraska-blesk-bez-ammiaka-dlya-tonirovaniya-i-uhoda-shejds-ikyu-06gb-60-ml-P0072801.150x150.jpg,7
21568,Redken,Краска-блеск без аммиака для тонирования и ухода Шейдс икью 06N 60 мл,Redken Shades Eq Gloss,916,Cosmetics,https://cdn.shopify.com/s/files/1/1316/6641/files/redken-shades-eq-gloss---kraska-blesk-bez-ammiaka-dlya-tonirovaniya-i-uhoda-shejds-ikyu-06n-60-ml-P0106001.150x150.jpg,11
21569,Redken,Краска-блеск без аммиака для тонирования и ухода Шейдс икью 06R 60 мл,Redken Shades Eq Gloss,916,Cosmetics,https://cdn.shopify.com/s/files/1/1316/6641/files/redken-shades-eq-gloss---kraska-blesk-bez-ammiaka-dlya-tonirovaniya-i-uhoda-shejds-ikyu-06r-60-ml-P0488000.150x150.jpg,11
21570,Redken,Краска-блеск без аммиака для тонирования и ухода Шейдс икью 06RB 60 мл,Redken Shades Eq Gloss,916,Cosmetics,https://cdn.shopify.com/s/files/1/1316/6641/files/redken-shades-eq-gloss---kraska-blesk-bez-ammiaka-dlya-tonirovaniya-i-uhoda-shejds-ikyu-06rb-60-ml-P0488800.150x150.jpg,19
21571,Redken,Краска-блеск без аммиака для тонирования и ухода Шейдс икью 06WG 60 мл,Redken Shades Eq Gloss,916,Cosmetics,https://cdn.shopify.com/s/files/1/1316/6641/files/redken-shades-eq-gloss---kraska-blesk-bez-ammiaka-dlya-tonirovaniya-i-uhoda-shejds-ikyu-06wg-60-ml-P0053301.150x150.jpg,12
21572,Redken,Краска-блеск без аммиака для тонирования и ухода Шейдс икью 06NB 60 мл,Redken Shades Eq Gloss,916,Cosmetics,https://cdn.shopify.com/s/files/1/1316/6641/files/redken-shades-eq-gloss---kraska-blesk-bez-ammiaka-dlya-tonirovaniya-i-uhoda-shejds-ikyu-06nb-60-ml-P0071200.150x150.jpg,4
21573,Redken,Краска-блеск без аммиака для тонирования и ухода Шейдс икью 06KK 60 мл,Redken Shades Eq Gloss,916,Cosmetics,https://cdn.shopify.com/s/files/1/1316/6641/files/redken-shades-eq-gloss---kraska-blesk-bez-ammiaka-dlya-tonirovaniya-i-uhoda-shejds-ikyu-06kk-60-ml-P0106401.150x150.jpg,4
21574,Redken,Краска-блеск без аммиака для тонирования и ухода Шейдс икью 07C  60 мл,Redken Shades Eq Gloss,916,Cosmetics,https://cdn.shopify.com/s/files/1/1316/6641/files/redken-shades-eq-gloss---kraska-blesk-bez-ammiaka-dlya-tonirovaniya-i-uhoda-shejds-ikyu-07c-60-ml-P0488900.150x150.jpg,9
21575,Redken,Краска-блеск без аммиака для тонирования и ухода Шейдс икью 07GB 60 мл,Redken Shades Eq Gloss,916,Cosmetics,https://cdn.shopify.com/s/files/1/1316/6641/files/redken-shades-eq-gloss---kraska-blesk-bez-ammiaka-dlya-tonirovaniya-i-uhoda-shejds-ikyu-07gb-60-ml-P0073201.150x150.jpg,20
21576,Redken,Краска-блеск без аммиака для тонирования и ухода Шейдс икью 07NB 60 мл,Redken Shades Eq Gloss,916,Cosmetics,https://cdn.shopify.com/s/files/1/1316/6641/files/redken-shades-eq-gloss---kraska-blesk-bez-ammiaka-dlya-tonirovaniya-i-uhoda-shejds-ikyu-07nb-60-ml-P0073301.150x150.jpg,18
21577,Redken,Краска-блеск без аммиака для тонирования и ухода Шейдс икью 07MV 60 мл,Redken Shades Eq Gloss,916,Cosmetics,https://cdn.shopify.com/s/files/1/1316/6641/files/redken-shades-eq-gloss---kraska-blesk-bez-ammiaka-dlya-tonirovaniya-i-uhoda-shejds-ikyu-07mv-60-ml-P0487100.150x150.jpg,19
21578,Redken,Краска-блеск без аммиака для тонирования и ухода Шейдс икью 08C 60 мл,Redken Shades Eq Gloss,916,Cosmetics,https://cdn.shopify.com/s/files/1/1316/6641/files/redken-shades-eq-gloss---kraska-blesk-bez-ammiaka-dlya-tonirovaniya-i-uhoda-shejds-ikyu-08c-60-ml-P0489000.150x150.jpg,11
21579,Redken,Краска-блеск без аммиака для тонирования и ухода Шейдс икью 08N 60 мл,Redken Shades Eq Gloss,916,Cosmetics,https://cdn.shopify.com/s/files/1/1316/6641/files/redken-shades-eq-gloss---kraska-blesk-bez-ammiaka-dlya-tonirovaniya-i-uhoda-shejds-ikyu-08n-60-ml-P0057301.150x150.jpg,7
21580,Redken,"Ухаживающая краска-крем  08GI-8GI, 60 мл",Redken Shades EQ Cream,916,Cosmetics,https://cdn.shopify.com/s/files/1/1316/6641/files/redken-shades-eq-cream---uhazhivayuschaya-kraska-krem-08gi-8gi-60-mlRedken_Redken_Shades_EQ_Cream.150x150.jpg,18
21581,Redken,Краска-блеск без аммиака для тонирования и ухода Шейдс икью 08WG 60 мл,Redken Shades Eq Gloss,916,Cosmetics,https://cdn.shopify.com/s/files/1/1316/6641/files/redken-shades-eq-gloss---kraska-blesk-bez-ammiaka-dlya-tonirovaniya-i-uhoda-shejds-ikyu-08wg-60-ml-P0053400.150x150.jpg,8
21582,Redken,Краска-блеск без аммиака для тонирования и ухода Шейдс икью 8КК 60 мл,Redken Shades Eq Gloss,916,Cosmetics,https://cdn.shopify.com/s/files/1/1316/6641/files/redken-shades-eq-gloss---kraska-blesk-bez-ammiaka-dlya-tonirovaniya-i-uhoda-shejds-ikyu-8kk-60-ml-Redken_Shades_Eq_Gloss.150x150.jpg,8
21583,Redken,Краска-блеск без аммиака для тонирования и ухода Шейдс икью 09AA 60 мл,Redken Shades Eq Gloss,916,Cosmetics,https://cdn.shopify.com/s/files/1/1316/6641/files/redken-shades-eq-gloss---kraska-blesk-bez-ammiaka-dlya-tonirovaniya-i-uhoda-shejds-ikyu-09aa-60-ml-P0057800.150x150.jpg,12
21584,Redken,Краска-блеск без аммиака для тонирования и ухода Шейдс икью 09NB 60 мл,Redken Shades Eq Gloss,916,Cosmetics,https://cdn.shopify.com/s/files/1/1316/6641/files/redken-shades-eq-gloss---kraska-blesk-bez-ammiaka-dlya-tonirovaniya-i-uhoda-shejds-ikyu-09nb-60-ml-P0060001.150x150.jpg,18
21585,Redken,Краска-блеск без аммиака для тонирования и ухода Шейдс икью 09G 60 мл,Redken Shades Eq Gloss,916,Cosmetics,https://cdn.shopify.com/s/files/1/1316/6641/files/redken-shades-eq-gloss---kraska-blesk-bez-ammiaka-dlya-tonirovaniya-i-uhoda-shejds-ikyu-09g-60-ml-P0059601.150x150.jpg,11
21586,Redken,Краска-блеск без аммиака для тонирования и ухода Шейдс икью 09K 60 мл,Redken Shades Eq Gloss,916,Cosmetics,https://cdn.shopify.com/s/files/1/1316/6641/files/redken-shades-eq-gloss---kraska-blesk-bez-ammiaka-dlya-tonirovaniya-i-uhoda-shejds-ikyu-09k-60-ml-P0068201.150x150.jpg,1
21587,Redken,Краска-блеск без аммиака для тонирования и ухода Шейдс икью 09M 60 мл,Redken Shades Eq Gloss,916,Cosmetics,https://cdn.shopify.com/s/files/1/1316/6641/files/redken-shades-eq-gloss---kraska-blesk-bez-ammiaka-dlya-tonirovaniya-i-uhoda-shejds-ikyu-09m-60-ml-P0072601.150x150.jpg,15
21588,Redken,Краска-блеск без аммиака для тонирования и ухода Шейдс икью 09N 60 мл,Redken Shades Eq Gloss,916,Cosmetics,https://cdn.shopify.com/s/files/1/1316/6641/files/redken-shades-eq-gloss---kraska-blesk-bez-ammiaka-dlya-tonirovaniya-i-uhoda-shejds-ikyu-09n-60-ml-P0059901.150x150.jpg,8
21589,Redken,Краска-блеск без аммиака для тонирования и ухода Шейдс икью 9T 60 мл,Redken Shades Eq Gloss,916,Cosmetics,https://cdn.shopify.com/s/files/1/1316/6641/files/redken-shades-eq-gloss---kraska-blesk-bez-ammiaka-dlya-tonirovaniya-i-uhoda-shejds-ikyu-9t-60-ml-P0487500.150x150.jpg,17
21590,Redken,Краска-блеск без аммиака для тонирования и ухода Шейдс икью 09V 60 мл,Redken Shades Eq Gloss,916,Cosmetics,https://cdn.shopify.com/s/files/1/1316/6641/files/redken-shades-eq-gloss---kraska-blesk-bez-ammiaka-dlya-tonirovaniya-i-uhoda-shejds-ikyu-09v-60-ml-P0060301.150x150.jpg,9
21591,Redken,Краска-блеск без аммиака для тонирования и ухода Шейдс икью 09GB 60 мл,Redken Shades Eq Gloss,916,Cosmetics,https://cdn.shopify.com/s/files/1/1316/6641/files/redken-shades-eq-gloss---kraska-blesk-bez-ammiaka-dlya-tonirovaniya-i-uhoda-shejds-ikyu-09gb-60-ml-P0060601.150x150.jpg,13
21592,Redken,Ухаживающая краска-крем без аммиака Шейдс икью крим 03NA 60 мл,Redken Shades Eq Cream,916,Cosmetics,https://cdn.shopify.com/s/files/1/1316/6641/files/redken-shades-eq-cream---uhazhivayuschaya-kraska-krem-bez-ammiaka-shejds-ikyu-krim-03na-60-ml-Redken_Shades_Eq_Cream.150x150.jpg,9
21593,Redken,Ухаживающая краска-крем без аммиака Шейдс икью крим 05WB 60 мл,Redken Shades Eq Cream,916,Cosmetics,https://cdn.shopify.com/s/files/1/1316/6641/files/redken-shades-eq-cream---uhazhivayuschaya-kraska-krem-bez-ammiaka-shejds-ikyu-krim-05wb-60-ml-Redken_Shades_Eq_Cream.150x150.jpg,20
21594,Redken,Ухаживающая краска-крем без аммиака Шейдс икью крим 06NA 60 мл,Redken Shades Eq Cream,916,Cosmetics,https://cdn.shopify.com/s/files/1/1316/6641/files/redken-shades-eq-cream---uhazhivayuschaya-kraska-krem-bez-ammiaka-shejds-ikyu-krim-06na-60-ml-P0236901.150x150.jpg,9
21595,Redken,Ухаживающая краска-крем без аммиака Шейдс икью крим 08GI 60 мл,Redken Shades Eq Cream,916,Cosmetics,https://cdn.shopify.com/s/files/1/1316/6641/files/redken-shades-eq-cream---uhazhivayuschaya-kraska-krem-bez-ammiaka-shejds-ikyu-krim-08gi-60-ml-P0293401.150x150.jpg,9
21596,Redken,Ухаживающая краска-крем без аммиака Шейдс икью крим 09NA 60 мл,Redken Shades Eq Cream,916,Cosmetics,https://cdn.shopify.com/s/files/1/1316/6641/files/redken-shades-eq-cream---uhazhivayuschaya-kraska-krem-bez-ammiaka-shejds-ikyu-krim-09na-60-ml-Redken_Shades_Eq_Cream.150x150.jpg,18
21597,Redken,Ухаживающая краска-крем без аммиака Шейдс икью крим 09V 60 мл,Redken Shades Eq Cream,916,Cosmetics,https://cdn.shopify.com/s/files/1/1316/6641/files/redken-shades-eq-cream---uhazhivayuschaya-kraska-krem-bez-ammiaka-shejds-ikyu-krim-09v-60-ml-P0663201.150x150.jpg,3
21598,Redken,Ухаживающая краска-крем без аммиака Шейдс икью крим 09WB 60 мл,Redken Shades Eq Cream,916,Cosmetics,https://cdn.shopify.com/s/files/1/1316/6641/files/redken-shades-eq-cream---uhazhivayuschaya-kraska-krem-bez-ammiaka-shejds-ikyu-krim-09wb-60-ml-P0238401.150x150.jpg,15
21599,Redken,Ухаживающая краска-крем без аммиака Шейдс икью крим 09WN 60 мл,Redken Shades Eq Cream,916,Cosmetics,https://cdn.shopify.com/s/files/1/1316/6641/files/redken-shades-eq-cream---uhazhivayuschaya-kraska-krem-bez-ammiaka-shejds-ikyu-krim-09wn-60-ml-P0237501.150x150.jpg,5
21600,Redken,Ухаживающая краска-крем без аммиака Шейдс икью крим КЛИР 60 мл,Redken Shades Eq Cream,916,Cosmetics,https://cdn.shopify.com/s/files/1/1316/6641/files/redken-shades-eq-cream---uhazhivayuschaya-kraska-krem-bez-ammiaka-shejds-ikyu-krim-klir-60-ml-P0259801.150x150.jpg,10
21601,Redken,"Шампунь, снимающий раздражение 300 мл",Redken Scalp Relief Soothing Balance,1311,Cosmetics,https://cdn.shopify.com/s/files/1/1316/6641/files/redken-scalp-relief-soothing-balance---shampun-snimayuschij-razdrazhenie-300-ml28.150x150.jpg,13
21602,Redken,Шампунь-контроль против перхоти 300 мл,Redken Scalp Relief Dandruf Control,1311,Cosmetics,https://cdn.shopify.com/s/files/1/1316/6641/files/redken-scalp-relief-dandruf-control---shampun-kontrol-protiv-perhoti-300-ml26.150x150.jpg,6
21603,Redken,Детокс шампунь против жирности 300 мл,Redken Scalp Relief Oil Detox,1311,Cosmetics,https://cdn.shopify.com/s/files/1/1316/6641/files/redken-scalp-relief-oil-detox---detoks-shampun-protiv-zhirnosti-300-ml27.150x150.jpg,2
21604,Redken,Лосьон-восстановитель нормального уровня ph для механически поврежденных волос 250 мл,Redken Phix Phase 3.5,1527,Cosmetics,https://cdn.shopify.com/s/files/1/1316/6641/files/redken-phix-phase-35-loson-vosstanovitel-normalnogo-urovnya-ph-dlya-mehanicheski-povrezhdennyh-volos-250-ml22.150x150.jpg,15
21605,Redken,Лосьон-восстановитель нормального уровня ph для механически поврежденных волос 250 мл,Redken Phix Phase 5.5,1527,Cosmetics,https://cdn.shopify.com/s/files/1/1316/6641/files/redken-phix-phase-55-loson-vosstanovitel-normalnogo-urovnya-ph-dlya-mehanicheski-povrezhdennyh-volos-250-ml23.150x150.jpg,5
21606,Redken,Интенсивный уход для окрашенных волос 500 мл,Redken Shot Phase Color Extend,3525,Cosmetics,https://cdn.shopify.com/s/files/1/1316/6641/files/redken-shot-phase-color-extend-intensivnyj-uhod-dlya-okrashennyh-volos-500-ml18.150x150.jpg,19
21607,Redken,Интенсивный уход для сухих и жестких волос 500 мл,Redken Shot Phase All Soft,3525,Cosmetics,https://cdn.shopify.com/s/files/1/1316/6641/files/redken-shot-phase-all-soft-intensivnyj-uhod-dlya-suhih-i-zhestkih-volos-500-ml17.150x150.jpg,16
21608,Redken,Интенсивный уход для поврежденных и ослабленных волос 500 мл,Redken Shot Phase Extreme,3525,Cosmetics,https://cdn.shopify.com/s/files/1/1316/6641/files/redken-shot-phase-extreme-intensivnyj-uhod-dlya-povrezhdennyh-i-oslablennyh-volos-500-ml19.150x150.jpg,18
21609,Redken,Камуфляж для волос Light Natural 60 мл,Redken Color Camo,745,Cosmetics,https://cdn.shopify.com/s/files/1/1316/6641/files/redken-color-camo---kraska---kamuflyazh-dlya-volos-kolor-kamo-light-natural-60-ml10666_300_300.150x150.jpg,4
21610,Redken,Камуфляж для волос Medium Natural 60 мл,Redken Color Camo,745,Cosmetics,https://cdn.shopify.com/s/files/1/1316/6641/files/redken-color-camo---kraska---kamuflyazh-dlya-volos-kolor-kamo-medium-natural-60-ml10666_300_300.150x150.jpg,19
21611,Redken,Камуфляж для волос Light Ash 60 мл,Redken Color Camo,745,Cosmetics,https://cdn.shopify.com/s/files/1/1316/6641/files/redken-color-camo---kraska---kamuflyazh-dlya-volos-kolor-kamo-light-ash-60-ml10666_300_300.150x150.jpg,17
21612,Redken,Камуфляж для волос Medium Ash 60 мл,Redken Color Camo,745,Cosmetics,https://cdn.shopify.com/s/files/1/1316/6641/files/redken-color-camo---kraska---kamuflyazh-dlya-volos-kolor-kamo-medium-ash-60-ml10666_300_300.150x150.jpg,1
21613,Redken,Тонизирующий шампунь для волос и кожи головы 300 мл,Redken Mint Clean Shampoo,1192,Cosmetics,https://cdn.shopify.com/s/files/1/1316/6641/files/redken-mint-clean-shampoo---toniziruyuschij-shampun-dlya-volos-i-kozhi-golovy-300-ml5.150x150.jpg,1
21614,Redken,Тонизирующий шампунь для волос и кожи головы 1000 мл,Redken Mint Clean Shampoo,2660,Cosmetics,https://cdn.shopify.com/s/files/1/1316/6641/files/redken-mint-clean-shampoo---toniziruyuschij-shampun-dlya-volos-i-kozhi-golovy-1000-ml6.150x150.jpg,13
21615,Redken,Шампунь и кондиционер 2-в-1 300 мл,Redken Clean Spice Shampoo,1192,Cosmetics,https://cdn.shopify.com/s/files/1/1316/6641/files/redken-clean-spice-shampoo---shampun-i-konditsioner-2-v-1-300-ml7.150x150.jpg,10
21616,Redken,Шампунь для ежедневного ухода за волосами 300 мл,Redken Go Clean Shampoo,1192,Cosmetics,https://cdn.shopify.com/s/files/1/1316/6641/files/redken-go-clean-shampoo---shampun-dlya-ezhednevnogo-uhoda-za-volosami-300-ml8.150x150.jpg,8
21617,Redken,"Экстра-очищающий шампунь для плотных волос, 250 мл",Redken Clean Brew Dark Ale for Coarse Hair,1192,Cosmetics,https://cdn.shopify.com/s/files/1/1316/6641/files/redken-clean-brew-dark-ale-for-coarse-hair---ekstra-ochischayuschij-shampun-dlya-plotnyh-volos-250-mlRedken_Clean_Brew_Dark_Ale_for_Coarse_Hair.150x150.jpeg,12
21618,Redken,Oчищающий шампунь для ежедневного применения с солодом и пивными дрожжами 250 мл,Redken For Men Clean Brew,1192,Cosmetics,https://cdn.shopify.com/s/files/1/1316/6641/files/redken-for-men-clean-brew---ochischayuschij-shampun-dlya-ezhednevnogo-primeneniya-s-solodom-i-pivnymi-drozhzhami-250-ml10.150x150.jpg,12
21619,Redken,Укрепляющий шампунь для нейтрализации желтизны седых и осветленных волос 300 мл,Redken Silver Charge,1192,Cosmetics,https://cdn.shopify.com/s/files/1/1316/6641/files/redken-silver-charge---ukreplyayuschij-shampun-dlya-nejtralizatsii-zheltizny-sedyh-i-osvetlennyh-volos-300-ml9.150x150.jpg,17
21620,Redken,Воск средний контроль 100 мл,Redken Maneuver Wax,1109,Cosmetics,https://cdn.shopify.com/s/files/1/1316/6641/files/redken-maneuver-wax---vosk-srednij-kontrol-100-ml13.150x150.jpg,5
21621,Redken,Паста для подвижной укладки и сильной фиксации волос 100 мл,Redken Work Hard Paste,1109,Cosmetics,https://cdn.shopify.com/s/files/1/1316/6641/files/redken-work-hard-paste---pasta-dlya-podvizhnoj-ukladki-i-silnoj-fiksatsii-volos-100-ml15.150x150.jpg,15
21622,Redken,Гель для укладки волос экстремальной фиксации 150 мл,Redken Stand Tough Gel,1109,Cosmetics,https://cdn.shopify.com/s/files/1/1316/6641/files/redken-stand-tough-gel---gel-dlya-ukladki-volos-ekstremalnoj-fiksatsii-150-ml14.150x150.jpg,17
21623,Redken,Укрепляющий шампунь 300 мл,Redken Extreme Shampoo,1311,Cosmetics,https://cdn.shopify.com/s/files/1/1316/6641/files/redken-extreme-shampoo---ukreplyayuschij-shampun-300-ml58.150x150.jpg,5
21624,Redken,Укрепляющий шампунь 1000 мл,Redken Extreme Shampoo,2660,Cosmetics,https://cdn.shopify.com/s/files/1/1316/6641/files/redken-extreme-shampoo---ukreplyayuschij-shampun-1000-ml59.150x150.jpg,12
21625,Redken,Укрепляющий уход-кондиционер 250 мл,Redken Extreme Conditioner,1640,Cosmetics,https://cdn.shopify.com/s/files/1/1316/6641/files/redken-extreme-conditioner---ukreplyayuschij-uhod-konditsioner-250-ml60.150x150.jpg,8
21626,Redken,Укрепляющий уход-кондиционер 1000 мл,Redken Extreme Conditioner,3682,Cosmetics,https://cdn.shopify.com/s/files/1/1316/6641/files/redken-extreme-conditioner---ukreplyayuschij-uhod-konditsioner-1000-ml61.150x150.jpg,17
21627,Redken,Восстанавливающий уход 150 мл,Redken Extreme Cat,1640,Cosmetics,https://cdn.shopify.com/s/files/1/1316/6641/files/redken-extreme-cat---vosstanavlivayuschij-uhod-150-ml65.150x150.jpg,9
21628,Redken,Восстанавливающий уход мгновенного действия 250 мл,Redken Extreme Anti Snap,1640,Cosmetics,https://cdn.shopify.com/s/files/1/1316/6641/files/redken-extreme-anti-snap---vosstanavlivayuschij-uhod-mgnovennogo-dejstviya-250-ml64.150x150.jpg,7
21629,Redken,Укрепляющая маска для осветленных волос 250 мл,Redken Extreme Strength Builder Plus,2087,Cosmetics,https://cdn.shopify.com/s/files/1/1316/6641/files/redken-extreme-strength-builder-plus---ukreplyayuschaya-maska-dlya-osvetlennyh-volos-250-ml63.150x150.jpg,3
21630,Redken,Питательный шампунь 300 мл,Redken Diamond Oil Shampoo,1311,Cosmetics,https://cdn.shopify.com/s/files/1/1316/6641/files/redken-diamond-oil-shampoo---pitatelnyj-shampun-300-ml43.150x150.jpg,6
21631,Redken,Питательный кондиционер 250 мл,Redken Diamond Oil Conditioner,1640,Cosmetics,https://cdn.shopify.com/s/files/1/1316/6641/files/redken-diamond-oil-conditioner---pitatelnyj-konditsioner-250-ml45.150x150.jpg,15
21632,Redken,Питательная маска 250 мл,Redken Diamond Oil Mask,2087,Cosmetics,https://cdn.shopify.com/s/files/1/1316/6641/files/redken-diamond-oil-mask---pitatelnaya-maska-250-ml47.150x150.jpg,3
21633,Redken,Шампунь-защита цвета 300 мл,Redken Color Extend Magnetics Shampoo,1311,Cosmetics,https://cdn.shopify.com/s/files/1/1316/6641/files/redken-color-extend-magnetics-shampoo---shampun-zaschita-tsveta-300-ml53.150x150.jpg,11
21634,Redken,Шампунь-защита цвета 1000 мл,Redken Color Extend Magnetics Shampoo,2660,Cosmetics,https://cdn.shopify.com/s/files/1/1316/6641/files/redken-color-extend-magnetics-shampoo---shampun-zaschita-tsveta-1000-ml54.150x150.jpg,19
21635,Redken,Кондиционер-защита цвета 250 мл,Redken Color Extend Magnetics Conditioner,1640,Cosmetics,https://cdn.shopify.com/s/files/1/1316/6641/files/redken-color-extend-magnetics-conditioner---konditsioner-zaschita-tsveta-250-ml55.150x150.jpg,9
21636,Redken,Кондиционер-защита 1000 мл,Redken Color Extend Magnetics Conditioner,3682,Cosmetics,https://cdn.shopify.com/s/files/1/1316/6641/files/redken-color-extend-magnetics-conditioner---konditsioner-zaschita-1000-ml56.150x150.jpg,11
21637,Redken,Маска-защита цвета 250 мл,Redken Color Extend Magnetics Mask,2087,Cosmetics,https://cdn.shopify.com/s/files/1/1316/6641/files/redken-color-extend-magnetics-mask---maska-zaschita-tsveta-250-ml57.150x150.jpg,14
21638,Redken,Краска для волос без аммиака Хроматикс Клир прозрачный 60 мл,Redken Chromatics,1043,Cosmetics,https://cdn.shopify.com/s/files/1/1316/6641/files/redken-chromatics---kraska-dlya-volos-bez-ammiaka-hromatiks-klir-prozrachnyj-60-mlP0257600.150x150.jpg,20
21639,Redken,Краска для волос без аммиака Хроматикс 2/2N натуральный 60 мл,Redken Chromatics,1043,Cosmetics,https://cdn.shopify.com/s/files/1/1316/6641/files/redken-chromatics---kraska-dlya-volos-bez-ammiaka-hromatiks-22n-naturalnyj-60-mlP0254600.150x150.jpg,7
21640,Redken,Краска для волос без аммиака Хроматикс 3/3N натуральный 60 мл,Redken Chromatics,1043,Cosmetics,https://cdn.shopify.com/s/files/1/1316/6641/files/redken-chromatics---kraska-dlya-volos-bez-ammiaka-hromatiks-33n-naturalnyj-60-mlP0254300.150x150.jpg,6
21641,Redken,Краска для волос без аммиака Хроматикс 3.03/3NW натуральный/теплый 60 мл,Redken Chromatics,1043,Cosmetics,https://cdn.shopify.com/s/files/1/1316/6641/files/redken-chromatics---kraska-dlya-volos-bez-ammiaka-hromatiks-3033nw-naturalnyjteplyj-60-mlP0535100.150x150.jpg,3
21642,Redken,Краска для волос без аммиака Хроматикс 4/4N натуральный 60 мл,Redken Chromatics,1043,Cosmetics,https://cdn.shopify.com/s/files/1/1316/6641/files/redken-chromatics---kraska-dlya-volos-bez-ammiaka-hromatiks-44n-naturalnyj-60-mlP0254000.150x150.jpg,6
21643,Redken,Краска для волос без аммиака Хроматикс 4.03/4NW натуральный/теплый 60 мл,Redken Chromatics,1043,Cosmetics,https://cdn.shopify.com/s/files/1/1316/6641/files/redken-chromatics---kraska-dlya-volos-bez-ammiaka-hromatiks-4034nw-naturalnyjteplyj-60-mlP0534800.150x150.jpg,12
21644,Redken,Краска для волос без аммиака Хроматикс 4.3/4G золотистый 60 мл,Redken Chromatics,1043,Cosmetics,https://cdn.shopify.com/s/files/1/1316/6641/files/redken-chromatics---kraska-dlya-volos-bez-ammiaka-hromatiks-434g-zolotistyj-60-mlP0249500.150x150.jpg,5
21645,Redken,Краска для волос без аммиака Хроматикс 4.56/4Br красный/коричневый 60 мл,Redken Chromatics Beyond Cover,1043,Cosmetics,https://cdn.shopify.com/s/files/1/1316/6641/files/redken-chromatics-beyond-cover---kraska-dlya-volos-bez-ammiaka-hromatiks-bk-4564br-krasnyjkorichnevyj-60-mlP0701500.150x150.jpg,4
21646,Redken,Краска для волос без аммиака Хроматикс 5/5N натуральный 60 мл,Redken Chromatics,1043,Cosmetics,https://cdn.shopify.com/s/files/1/1316/6641/files/redken-chromatics---kraska-dlya-volos-bez-ammiaka-hromatiks-55n-naturalnyj-60-mlP0253700.150x150.jpg,6
21647,Redken,Краска для волос без аммиака Хроматикс 5.03/5NW натуральный/теплый 60 мл,Redken Chromatics,1043,Cosmetics,https://cdn.shopify.com/s/files/1/1316/6641/files/redken-chromatics---kraska-dlya-volos-bez-ammiaka-hromatiks-5035nw-naturalnyjteplyj-60-mlP0534500.150x150.jpg,8
21648,Redken,Краска для волос без аммиака Хроматикс 5.03/5NW натуральный/теплый 60 мл,Redken Chromatics Beyond Cover,1043,Cosmetics,https://cdn.shopify.com/s/files/1/1316/6641/files/redken-chromatics-beyond-cover---kraska-dlya-volos-bez-ammiaka-hromatiks-bk-5035nw-naturalnyjteplyj-60-mlP0699700.150x150.jpg,16
21649,Redken,Краска для волос без аммиака Хроматикс 5.1/5Ab пепельный/синий 60 мл,Redken Chromatics,1043,Cosmetics,https://cdn.shopify.com/s/files/1/1316/6641/files/redken-chromatics---kraska-dlya-volos-bez-ammiaka-hromatiks-515ab-pepelnyjsinij-60-mlP0256400.150x150.jpg,15
21650,Redken,Краска для волос без аммиака Хроматикс 5.23/5Ig золотой/мерцающий 60 мл,Redken Chromatics Beyond Cover,1043,Cosmetics,https://cdn.shopify.com/s/files/1/1316/6641/files/redken-chromatics-beyond-cover---kraska-dlya-volos-bez-ammiaka-hromatiks-bk-5235ig-zolotojmertsayuschij-60-mlP0797500.150x150.jpg,20
21651,Redken,Краска для волос без аммиака Хроматикс 5.31/5Gb золотой/бежевый 60 мл,Redken Chromatics Beyond Cover,1043,Cosmetics,https://cdn.shopify.com/s/files/1/1316/6641/files/redken-chromatics-beyond-cover---kraska-dlya-volos-bez-ammiaka-hromatiks-bk-5315gb-zolotojbezhevyj-60-mlP0702400.150x150.jpg,7
21652,Redken,Краска для волос без аммиака Хроматикс 5.32/5GI золотой/мерцающий 60 мл,Redken Chromatics,1043,Cosmetics,https://cdn.shopify.com/s/files/1/1316/6641/files/redken-chromatics---kraska-dlya-volos-bez-ammiaka-hromatiks-5325gi-zolotojmertsayuschij-60-mlP0662900.150x150.jpg,17
21653,Redken,Краска для волос без аммиака Хроматикс 5.4/5C медный 60 мл,Redken Chromatics,1043,Cosmetics,https://cdn.shopify.com/s/files/1/1316/6641/files/redken-chromatics---kraska-dlya-volos-bez-ammiaka-hromatiks-545c-mednyj-60-mlP0248300.150x150.jpg,5
21654,Redken,Краска для волос без аммиака Хроматикс 5.46/5Cr медный/красный 60 мл,Redken Chromatics Beyond Cover,1043,Cosmetics,https://cdn.shopify.com/s/files/1/1316/6641/files/redken-chromatics-beyond-cover---kraska-dlya-volos-bez-ammiaka-hromatiks-bk-5465cr-mednyjkrasnyj-60-mlP0703300.150x150.jpg,1
21655,Redken,Краска для волос без аммиака Хроматикс 5.54/5Bc коричневый/медный 60 мл,Redken Chromatics Beyond Cover,1043,Cosmetics,https://cdn.shopify.com/s/files/1/1316/6641/files/redken-chromatics-beyond-cover---kraska-dlya-volos-bez-ammiaka-hromatiks-bk-5545bc-korichnevyjmednyj-60-mlP0702700.150x150.jpg,1
21656,Redken,Краска для волос без аммиака Хроматикс 6/6N натуральный 60 мл,Redken Chromatics,1043,Cosmetics,https://cdn.shopify.com/s/files/1/1316/6641/files/redken-chromatics---kraska-dlya-volos-bez-ammiaka-hromatiks-66n-naturalnyj-60-mlP0253400.150x150.jpg,3
21657,Redken,Краска для волос без аммиака Хроматикс 6.03/6NW натуральный/теплый 60 мл,Redken Chromatics,1043,Cosmetics,https://cdn.shopify.com/s/files/1/1316/6641/files/redken-chromatics---kraska-dlya-volos-bez-ammiaka-hromatiks-6036nw-naturalnyjteplyj-60-mlP0534200.150x150.jpg,10
21658,Redken,Краска для волос без аммиака Хроматикс 6.23 /6Ig золотистый/мерцающий 60 мл,Redken Chromatics,1043,Cosmetics,https://cdn.shopify.com/s/files/1/1316/6641/files/redken-chromatics---kraska-dlya-volos-bez-ammiaka-hromatiks-623-6ig-zolotistyjmertsayuschij-60-mlP0255500.150x150.jpg,19
21659,Redken,Краска для волос без аммиака Хроматикс 6.3/6G золотистый 60 мл,Redken Chromatics,1043,Cosmetics,https://cdn.shopify.com/s/files/1/1316/6641/files/redken-chromatics---kraska-dlya-volos-bez-ammiaka-hromatiks-636g-zolotistyj-60-mlP0249200.150x150.jpg,7
21660,Redken,Краска для волос без аммиака Хроматикс 6.32/6Gi золотой/мерцающий 60 мл,Redken Chromatics Beyond Cover,1043,Cosmetics,https://cdn.shopify.com/s/files/1/1316/6641/files/redken-chromatics-beyond-cover---kraska-dlya-volos-bez-ammiaka-hromatiks-bk-6326gi-zolotojmertsayuschij-60-mlP0700900.150x150.jpg,16
21661,Redken,Краска для волос без аммиака Хроматикс 6.35/6Gm золотистый/мокка 60 мл,Redken Chromatics,1043,Cosmetics,https://cdn.shopify.com/s/files/1/1316/6641/files/redken-chromatics---kraska-dlya-volos-bez-ammiaka-hromatiks-6356gm-zolotistyjmokka-60-mlP0622200.150x150.jpg,6
21662,Redken,Краска для волос без аммиака Хроматикс 6.43/6Сg медный/золотистый 60 мл,Redken Chromatics,1043,Cosmetics,https://cdn.shopify.com/s/files/1/1316/6641/files/redken-chromatics---kraska-dlya-volos-bez-ammiaka-hromatiks-6436sg-mednyjzolotistyj-60-mlP0724800.150x150.jpg,12
21663,Redken,Краска для волос без аммиака Хроматикс 7/7N натуральный 60 мл,Redken Chromatics,1043,Cosmetics,https://cdn.shopify.com/s/files/1/1316/6641/files/redken-chromatics---kraska-dlya-volos-bez-ammiaka-hromatiks-77n-naturalnyj-60-mlP0253100.150x150.jpg,7
21664,Redken,Краска для волос без аммиака Хроматикс 7.03/7NW натуральный/теплый 60 мл,Redken Chromatics,1043,Cosmetics,https://cdn.shopify.com/s/files/1/1316/6641/files/redken-chromatics---kraska-dlya-volos-bez-ammiaka-hromatiks-7037nw-naturalnyjteplyj-60-mlP0533900.150x150.jpg,2
21665,Redken,Краска для волос без аммиака Хроматикс 7.03/7NW натуральный/теплый 60 мл,Redken Chromatics Beyond Cover,1043,Cosmetics,https://cdn.shopify.com/s/files/1/1316/6641/files/redken-chromatics-beyond-cover---kraska-dlya-volos-bez-ammiaka-hromatiks-bk-7037nw-naturalnyjteplyj-60-mlP0699400.150x150.jpg,14
21666,Redken,Краска для волос без аммиака Хроматикс 7.1/7Ab пепельный/голубой 60 мл,Redken Chromatics,1043,Cosmetics,https://cdn.shopify.com/s/files/1/1316/6641/files/redken-chromatics---kraska-dlya-volos-bez-ammiaka-hromatiks-717ab-pepelnyjgoluboj-60-mlP0256100.150x150.jpg,10
21667,Redken,Краска для волос без аммиака Хроматикс 7.13/7Ago пепельный/золотистый 60 мл,Redken Chromatics,1043,Cosmetics,https://cdn.shopify.com/s/files/1/1316/6641/files/redken-chromatics---kraska-dlya-volos-bez-ammiaka-hromatiks-7137ago-pepelnyjzolotistyj-60-mlP0622800.150x150.jpg,7
21668,Redken,Краска для волос без аммиака Хроматикс 7.23/7Ig золотой/мерцающий 60 мл,Redken Chromatics Beyond Cover,1043,Cosmetics,https://cdn.shopify.com/s/files/1/1316/6641/files/redken-chromatics-beyond-cover---kraska-dlya-volos-bez-ammiaka-hromatiks-bk-7237ig-zolotojmertsayuschij-60-mlP0797200.150x150.jpg,4
21669,Redken,Краска для волос без аммиака Хроматикс 7.31/7Gb золотой/бежевый 60 мл,Redken Chromatics Beyond Cover,1043,Cosmetics,https://cdn.shopify.com/s/files/1/1316/6641/files/redken-chromatics-beyond-cover---kraska-dlya-volos-bez-ammiaka-hromatiks-bk-7317gb-zolotojbezhevyj-60-mlP0702100.150x150.jpg,16
21670,Redken,Краска для волос без аммиака Хроматикс 7.32/7GI золотой/мерцающий 60 мл,Redken Chromatics,1043,Cosmetics,https://cdn.shopify.com/s/files/1/1316/6641/files/redken-chromatics---kraska-dlya-volos-bez-ammiaka-hromatiks-7327gi-zolotojmertsayuschij-60-mlP0662500.150x150.jpg,7
21671,Redken,Краска для волос без аммиака Хроматикс 7.34/7Gc золотистый/медный 60 мл,Redken Chromatics,1043,Cosmetics,https://cdn.shopify.com/s/files/1/1316/6641/files/redken-chromatics---kraska-dlya-volos-bez-ammiaka-hromatiks-7347gc-zolotistyjmednyj-60-mlP0718300.150x150.jpg,18
21672,Redken,Краска для волос без аммиака Хроматикс 7.4/7С медный 60 мл,Redken Chromatics,1043,Cosmetics,https://cdn.shopify.com/s/files/1/1316/6641/files/redken-chromatics---kraska-dlya-volos-bez-ammiaka-hromatiks-747s-mednyj-60-mlP0248000.150x150.jpg,8
21673,Redken,Краска для волос без аммиака Хроматикс 7.46/7Cr медный/красный 60 мл,Redken Chromatics,1043,Cosmetics,https://cdn.shopify.com/s/files/1/1316/6641/files/redken-chromatics---kraska-dlya-volos-bez-ammiaka-hromatiks-7467cr-mednyjkrasnyj-60-mlP0717400.150x150.jpg,15
21674,Redken,Краска для волос без аммиака Хроматикс 8/8N натуральный 60 мл,Redken Chromatics,1043,Cosmetics,https://cdn.shopify.com/s/files/1/1316/6641/files/redken-chromatics---kraska-dlya-volos-bez-ammiaka-hromatiks-88n-naturalnyj-60-mlP0252800.150x150.jpg,18
21675,Redken,Краска для волос без аммиака Хроматикс 8.03/8NW натуральный/теплый 60 мл,Redken Chromatics,1043,Cosmetics,https://cdn.shopify.com/s/files/1/1316/6641/files/redken-chromatics---kraska-dlya-volos-bez-ammiaka-hromatiks-8038nw-naturalnyjteplyj-60-mlP0533600.150x150.jpg,12
21676,Redken,Краска для волос без аммиака Хроматикс 8.11/8Aa пепельный/пепельный 60 мл,Redken Chromatics,1043,Cosmetics,https://cdn.shopify.com/s/files/1/1316/6641/files/redken-chromatics---kraska-dlya-volos-bez-ammiaka-hromatiks-8118aa-pepelnyjpepelnyj-60-mlP0623200.150x150.jpg,6
21677,Redken,Краска для волос без аммиака Хроматикс 8.12/8Av пепельный/фиолетовый 60 мл,Redken Chromatics,1043,Cosmetics,https://cdn.shopify.com/s/files/1/1316/6641/files/redken-chromatics---kraska-dlya-volos-bez-ammiaka-hromatiks-8128av-pepelnyjfioletovyj-60-mlP0257300.150x150.jpg,6
21678,Redken,Краска для волос без аммиака Хроматикс 8.13/8Ag пепельный/золотой 60 мл,Redken Chromatics Beyond Cover,1043,Cosmetics,https://cdn.shopify.com/s/files/1/1316/6641/files/redken-chromatics-beyond-cover---kraska-dlya-volos-bez-ammiaka-hromatiks-bk-8138ag-pepelnyjzolotoj-60-mlP0796300.150x150.jpg,3
21679,Redken,Краска для волос без аммиака Хроматикс 8.17/8Ag пепельный/зеленый 60 мл,Redken Chromatics,1043,Cosmetics,https://cdn.shopify.com/s/files/1/1316/6641/files/redken-chromatics---kraska-dlya-volos-bez-ammiaka-hromatiks-8178ag-pepelnyjzelenyj-60-mlP0751200.150x150.jpg,12
21680,Redken,Краска для волос без аммиака Хроматикс 8.23/8Ig мерцающий/золотой 60 мл,Redken Chromatics,1043,Cosmetics,https://cdn.shopify.com/s/files/1/1316/6641/files/redken-chromatics---kraska-dlya-volos-bez-ammiaka-hromatiks-8238ig-mertsayuschijzolotoj-60-mlP0753300.150x150.jpg,17
21681,Redken,Краска для волос без аммиака Хроматикс 8.3/8G золотистый 60 мл,Redken Chromatics,1043,Cosmetics,https://cdn.shopify.com/s/files/1/1316/6641/files/redken-chromatics---kraska-dlya-volos-bez-ammiaka-hromatiks-838g-zolotistyj-60-mlP0248900.150x150.jpg,11
21682,Redken,Краска для волос без аммиака Хроматикс 8.31/8Gb золотистый/бежевый 60 мл,Redken Chromatics,1043,Cosmetics,https://cdn.shopify.com/s/files/1/1316/6641/files/redken-chromatics---kraska-dlya-volos-bez-ammiaka-hromatiks-8318gb-zolotistyjbezhevyj-60-mlP0250700.150x150.jpg,18
21683,Redken,Краска для волос без аммиака Хроматикс 8.32/8Gi золотой/мерцающий 60 мл,Redken Chromatics Beyond Cover,1043,Cosmetics,https://cdn.shopify.com/s/files/1/1316/6641/files/redken-chromatics-beyond-cover---kraska-dlya-volos-bez-ammiaka-hromatiks-bk-8328gi-zolotojmertsayuschij-60-mlP0700600.150x150.jpg,19
21684,Redken,Краска для волос без аммиака Хроматикс 8.43/8Cg медный/золотистый 60 мл,Redken Chromatics,1043,Cosmetics,https://cdn.shopify.com/s/files/1/1316/6641/files/redken-chromatics---kraska-dlya-volos-bez-ammiaka-hromatiks-8438cg-mednyjzolotistyj-60-mlP0724500.150x150.jpg,20
21685,Redken,Краска для волос без аммиака Хроматикс 8.44/8Cc медный/медный 60 мл,Redken Chromatics,1043,Cosmetics,https://cdn.shopify.com/s/files/1/1316/6641/files/redken-chromatics---kraska-dlya-volos-bez-ammiaka-hromatiks-8448cc-mednyjmednyj-60-mlP0878400.150x150.jpg,17
21686,Redken,Краска для волос без аммиака Хроматикс 9/9N натуральный 60 мл,Redken Chromatics,1043,Cosmetics,https://cdn.shopify.com/s/files/1/1316/6641/files/redken-chromatics---kraska-dlya-volos-bez-ammiaka-hromatiks-99n-naturalnyj-60-mlRedken_Chromatics_kraska.150x150.jpg,5
21687,Redken,Краска для волос без аммиака Хроматикс 9.03/9NW натуральный/теплый 60 мл,Redken Chromatics Beyond Cover,1043,Cosmetics,https://cdn.shopify.com/s/files/1/1316/6641/files/redken-chromatics-beyond-cover---kraska-dlya-volos-bez-ammiaka-hromatiks-bk-9039nw-naturalnyjteplyj-60-mlP0699100.150x150.jpg,19
21688,Redken,Краска для волос без аммиака Хроматикс 9.1/9Ab пепельный/синий 60 мл,Redken Chromatics,1043,Cosmetics,https://cdn.shopify.com/s/files/1/1316/6641/files/redken-chromatics---kraska-dlya-volos-bez-ammiaka-hromatiks-919ab-pepelnyjsinij-60-mlP0750900.150x150.jpg,20
21689,Redken,Краска для волос без аммиака Хроматикс 9.13/9Ago пепельный/золотистый 60 мл,Redken Chromatics,1043,Cosmetics,https://cdn.shopify.com/s/files/1/1316/6641/files/redken-chromatics---kraska-dlya-volos-bez-ammiaka-hromatiks-9139ago-pepelnyjzolotistyj-60-mlP0622600.150x150.jpg,16
21690,Redken,Краска для волос без аммиака Хроматикс 9.31 /9Gb золотой/бежевый 60 мл,Redken Chromatics Beyond Cover,1043,Cosmetics,https://cdn.shopify.com/s/files/1/1316/6641/files/redken-chromatics-beyond-cover---kraska-dlya-volos-bez-ammiaka-hromatiks-bk-931-9gb-zolotojbezhevyj-60-mlP0701800.150x150.jpg,16
21691,Redken,Краска для волос без аммиака Хроматикс 9.32/9GI золотой/мерцающий 60 мл,Redken Chromatics,1043,Cosmetics,https://cdn.shopify.com/s/files/1/1316/6641/files/redken-chromatics---kraska-dlya-volos-bez-ammiaka-hromatiks-9329gi-zolotojmertsayuschij-60-mlP0662200.150x150.jpg,15
21692,Redken,Краска для волос без аммиака Хроматикс 9.34/9Gc золотистый/медный 60 мл,Redken Chromatics,1043,Cosmetics,https://cdn.shopify.com/s/files/1/1316/6641/files/redken-chromatics---kraska-dlya-volos-bez-ammiaka-hromatiks-9349gc-zolotistyjmednyj-60-mlP0718000.150x150.jpg,6
21693,Redken,Краска для волос без аммиака Хроматикс 10/10N натуральный 60 мл,Redken Chromatics,1043,Cosmetics,https://cdn.shopify.com/s/files/1/1316/6641/files/redken-chromatics---kraska-dlya-volos-bez-ammiaka-hromatiks-1010n-naturalnyj-60-mlP0252200.150x150.jpg,6
21694,Redken,Краска для волос без аммиака Хроматикс 10.03/10NW натуральный/теплый 60 мл,Redken Chromatics,1043,Cosmetics,https://cdn.shopify.com/s/files/1/1316/6641/files/redken-chromatics---kraska-dlya-volos-bez-ammiaka-hromatiks-100310nw-naturalnyjteplyj-60-mlP0258500.150x150.jpg,11
21695,Redken,Краска для волос без аммиака Хроматикс 10.12/10Av пепельный/фиолетовый 60 мл,Redken Chromatics,1043,Cosmetics,https://cdn.shopify.com/s/files/1/1316/6641/files/redken-chromatics---kraska-dlya-volos-bez-ammiaka-hromatiks-101210av-pepelnyjfioletovyj-60-mlP0257000.150x150.jpg,9
21696,Redken,Краска для волос без аммиака Хроматикс 10.13/10Ag пепельный/золотистый 60 мл,Redken Chromatics Beyond Cover,1043,Cosmetics,https://cdn.shopify.com/s/files/1/1316/6641/files/redken-chromatics-beyond-cover---kraska-dlya-volos-bez-ammiaka-hromatiks-bk-101310ag-pepelnyjzolotistyj-60-mlP0700000.150x150.jpg,8
21697,Redken,Краска для волос без аммиака Хроматикс 10.23/10Ig мерцающий/золотой 60 мл,Redken Chromatics,1043,Cosmetics,https://cdn.shopify.com/s/files/1/1316/6641/files/redken-chromatics---kraska-dlya-volos-bez-ammiaka-hromatiks-102310ig-mertsayuschijzolotoj-60-mlP0751500.150x150.jpg,12
21698,Redken,Краска для волос без аммиака Хроматикс 10.3/10G золотистый 60 мл,Redken Chromatics,1043,Cosmetics,https://cdn.shopify.com/s/files/1/1316/6641/files/redken-chromatics---kraska-dlya-volos-bez-ammiaka-hromatiks-10310g-zolotistyj-60-mlP0248600.150x150.jpg,5
21699,Redken,Краска для волос без аммиака Хроматикс 10.31/10Gb золотистый/бежевый 60 мл,Redken Chromatics,1043,Cosmetics,https://cdn.shopify.com/s/files/1/1316/6641/files/redken-chromatics---kraska-dlya-volos-bez-ammiaka-hromatiks-103110gb-zolotistyjbezhevyj-60-mlP0250400.150x150.jpg,12
21700,Redken,Краска для волос без аммиака Хроматикс 10.32/10Gi золотой/мерцающий 60 мл,Redken Chromatics Beyond Cover,1043,Cosmetics,https://cdn.shopify.com/s/files/1/1316/6641/files/redken-chromatics-beyond-cover---kraska-dlya-volos-bez-ammiaka-hromatiks-bk-103210gi-zolotojmertsayuschij-60-mlP0700300.150x150.jpg,1
21701,Redken,Смягчающий шампунь 300 мл,Redken All Soft Shampoo,1311,Cosmetics,https://cdn.shopify.com/s/files/1/1316/6641/files/redken-all-soft-shampoo---smyagchayuschij-shampun-300-ml77.150x150.jpg,7
21702,Redken,Смягчающий шампунь 1000 мл,Redken All Soft Shampoo,2660,Cosmetics,https://cdn.shopify.com/s/files/1/1316/6641/files/redken-all-soft-shampoo---smyagchayuschij-shampun-1000-ml78.150x150.jpg,10
21703,Redken,Смягчающий кондиционер 250 мл,Redken All Soft Conditioner,1640,Cosmetics,https://cdn.shopify.com/s/files/1/1316/6641/files/redken-all-soft-conditioner---smyagchayuschij-konditsioner-250-ml79.150x150.jpg,19
21704,Redken,Смягчающий кондиционер 1000 мл,Redken All Soft Conditioner,3682,Cosmetics,https://cdn.shopify.com/s/files/1/1316/6641/files/redken-all-soft-conditioner---smyagchayuschij-konditsioner-1000-ml80.150x150.jpg,7
21705,Redken,Смягчающая крем-маска 250 мл,Redken All Soft Heavy Cream,2087,Cosmetics,https://cdn.shopify.com/s/files/1/1316/6641/files/redken-all-soft-heavy-cream---smyagchayuschaya-krem-maska-250-ml81.150x150.jpg,1
21706,Redken,Масло Аргана-6 90 мл,Redken All Soft Argan-6 Oil,5862,Cosmetics,https://cdn.shopify.com/s/files/1/1316/6641/files/redken-all-soft-argan-6-oil---maslo-argana-6-90-ml82.150x150.jpg,5
21707,Redken,Несмываемый крем-спрей 150 мл,Redken All Soft Supple Touch,1640,Cosmetics,https://cdn.shopify.com/s/files/1/1316/6641/files/redken-all-soft-supple-touch---nesmyvaemyj-krem-sprej-150-ml83.150x150.jpg,7
